0.000,-0.830,0.120,-0.270,0.960,-1.310,3.630,1.590,1.240,-0.160,-0.150,-0.060,0.130,-0.900,2.440,-0.810,0.320,-1.060,0.380,-0.660,2.600,-0.830,-0.150,0.090,-0.630,1.910,-1.290,0.690,0.470,0.940,-0.970,-0.070,0.680,-0.510,0.290,0.460,-0.110,0.250,-0.570,-1.530,0.160,0.600,0.010,-0.530,1.020,0.800,-1.820,-1.740,0.640,-1.330,1.420,-0.160,-1.090,1.440,-1.260,1.810,-0.260,0.590,-1.720,-0.620,0.030,0.940,1.720,0.870,-0.680,-0.340,-1.530,-0.930,-0.300,-0.920,-2.770,-0.460,-0.620,0.960,-0.870,2.140,0.180,0.040,0.830,1.170,-1.770,-0.930,-0.160,0.190,0.110,-0.780,-1.180,0.040,1.230,-0.170,0.910,0.200,0.480,-1.330,1.700,0.550,-0.820,0.350,1.660,-0.040,0.140,-0.240,-1.340,-0.590,1.370,-0.390,-1.320,-0.190,-0.500,-1.170,-1.370
0.900,0.000,-0.580,0.610,2.190,0.890,-3.600,-0.890,-0.110,-0.460,-0.810,3.400,0.800,1.830,-1.150,0.600,-1.720,-0.140,-2.970,-1.240,-0.310,-0.260,-0.160,-0.460,-2.030,-2.210,-2.920,0.230,0.800,-0.710,-1.200,1.210,1.210,-0.410,0.940,1.000,-2.420,-0.490,3.110,2.060,0.620,0.780,0.060,0.090,-0.260,1.430,0.610,1.280,-0.870,-0.370,-0.140,1.160,-0.640,2.400,0.340,-0.870,-1.550,-0.010,-0.110,0.400,0.250,-0.550,2.310,1.760,-0.580,0.740,0.150,1.110,-0.150,3.870,-0.160,-1.120,-0.210,0.520,1.180,-3.080,0.590,-0.280,0.850,1.190,-0.520,2.020,-0.580,-0.090,-0.650,-1.870,-0.020,-0.690,0.120,1.000,-0.350,0.980,0.430,0.080,-0.370,-0.080,-0.010,1.030,-0.640,-2.150,-0.330,2.610,0.120,-0.480,1.400,0.480,-0.510,-1.080,-0.010,-1.350,-0.620
-0.100,0.580,0.000,-0.320,0.370,1.240,0.240,2.550,0.580,-0.070,0.440,0.750,0.670,-1.800,1.540,-0.950,-0.430,-1.320,-0.210,-0.140,-1.500,-0.780,-0.080,-0.620,-1.840,-0.580,0.590,0.380,1.070,-0.880,0.190,-0.070,1.050,1.310,-1.330,-0.810,-1.650,0.320,0.400,-0.950,-1.710,0.290,0.950,-1.160,0.890,-0.630,-0.240,-0.740,-1.520,-0.220,0.110,1.020,-0.350,-0.690,0.400,-0.590,-1.830,0.120,-1.200,-0.470,-0.630,1.440,0.190,0.720,-0.720,0.780,-2.520,0.430,3.190,-1.510,1.800,-0.970,-0.500,-1.090,-0.720,0.600,-0.410,1.730,0.380,-0.650,0.640,-1.450,-0.800,-0.610,2.430,-0.540,-0.030,-0.510,-0.710,0.230,-0.140,0.950,0.370,-0.330,-0.700,-0.460,0.570,-1.480,-0.420,0.530,0.650,0.330,-1.410,-0.780,-0.690,-0.610,-0.390,0.370,0.090,1.210,-0.690
-0.100,-0.760,-0.080,0.000,1.920,-0.380,-0.340,-0.480,1.460,-1.350,-1.280,0.800,-1.770,-0.040,0.820,0.540,-0.430,-0.820,-1.890,-0.290,0.090,-0.410,0.230,-2.620,-1.350,-1.750,-0.990,-1.420,-2.520,0.550,-1.320,0.190,0.740,-0.360,-0.880,-1.180,1.350,-0.560,0.900,-0.940,1.020,-0.250,-0.810,3.810,0.180,1.120,0.410,1.020,-1.720,-0.960,0.390,1.380,0.230,1.530,-0.690,-2.220,-1.120,0.150,-2.110,0.430,0.400,-1.240,0.250,0.730,0.870,0.430,-2.020,-0.270,0.550,-0.910,0.130,-1.230,-0.370,0.150,0.670,1.960,0.430,-0.420,1.110,0.260,-0.980,-0.440,-1.110,-0.430,0.260,-1.910,0.570,2.280,0.360,-0.090,-1.010,-1.600,-1.020,-1.180,0.520,-0.090,-0.760,-0.300,1.520,-1.450,0.630,-0.740,1.750,-1.150,-0.630,0.810,-2.410,-1.090,1.460,-2.230,0.640
-0.550,-2.140,-0.320,-1.050,0.000,-0.650,-3.170,-2.070,-1.510,0.310,1.150,-1.280,-0.710,0.690,-1.170,1.210,-0.360,-1.380,-1.200,-2.210,-0.340,-0.770,0.160,-1.270,0.780,0.370,-2.940,-0.360,-1.710,0.610,-1.670,-0.550,-1.210,-2.440,-0.580,-1.180,-0.360,-2.070,-1.000,-0.980,0.920,0.580,0.870,1.390,0.840,-0.930,0.820,-2.530,-0.390,-0.590,-0.120,-0.350,0.000,-0.870,-0.030,0.050,1.160,0.540,-2.350,-0.380,0.230,0.120,-2.910,-1.480,-1.890,-0.390,2.070,-1.820,-0.130,0.520,0.370,1.130,1.600,-1.020,-0.230,-1.380,0.870,-0.200,-1.960,0.870,0.040,0.320,-0.830,-0.060,-3.610,0.750,1.090,-1.570,0.390,0.030,3.200,-1.500,-0.410,-0.020,0.630,-0.880,-1.010,1.060,-0.260,-1.910,1.250,-1.560,-1.650,-0.600,0.490,-0.570,0.620,-0.160,0.900,-2.190,-0.860
1.310,-0.870,-1.230,-0.270,0.750,0.000,-2.260,0.820,0.320,-1.480,-1.730,0.890,1.580,0.600,0.370,0.660,0.020,-0.820,0.910,-1.420,-0.270,-0.030,0.700,-1.280,-0.880,-0.420,-0.940,-1.780,1.790,0.730,-0.320,0.740,0.100,0.310,-0.070,-0.760,-1.760,0.750,0.250,0.110,1.060,-0.330,-0.540,0.550,0.830,0.310,-0.170,-0.900,-1.140,-0.410,-0.560,0.340,-1.820,1.820,0.750,-1.530,1.000,0.530,-2.920,1.930,0.830,2.280,0.270,-0.380,0.030,1.290,0.370,-0.910,-0.310,-1.250,0.770,0.310,0.700,0.270,0.900,-1.240,0.380,2.120,0.530,0.430,0.600,0.020,0.200,-0.110,-2.960,1.180,0.360,-0.410,-0.950,0.770,-0.740,0.160,-0.950,-0.630,0.180,0.070,-0.590,0.300,-1.020,-0.410,-1.090,0.320,0.050,-0.480,-1.090,0.300,1.120,-1.850,0.630,-0.440,0.660
-3.120,3.600,0.000,0.240,4.270,2.020,0.000,-0.590,3.660,0.430,0.200,0.150,1.300,-0.010,1.060,-0.540,-1.480,-1.660,1.230,-1.640,-0.970,-1.100,-2.880,-0.480,0.180,-2.720,1.420,3.260,-0.280,-1.100,-0.420,1.640,2.990,-0.100,1.190,-0.630,-0.870,-1.840,2.670,1.410,-2.780,0.810,-0.160,0.400,1.490,2.120,-3.350,-4.030,-1.790,-0.460,-1.740,-0.210,-0.230,1.370,0.300,0.670,1.190,1.240,-1.760,-3.340,-0.860,2.690,3.400,2.290,0.340,0.290,2.290,0.830,5.080,-1.480,6.210,0.010,1.490,1.100,-2.260,0.200,1.180,-0.590,0.820,1.560,1.860,-1.240,0.060,-0.170,-1.750,4.680,1.010,1.760,-1.210,0.920,1.130,-0.190,2.660,1.360,0.850,0.570,0.980,2.460,0.270,0.820,0.280,0.300,-1.400,-0.360,0.540,1.150,3.570,5.300,-0.180,1.860,1.970
-1.950,0.370,-2.460,0.620,4.360,-2.050,-0.720,0.000,0.320,-4.070,-2.110,2.100,-1.340,0.040,-0.060,1.680,-1.740,-1.610,-4.070,-1.770,-0.370,0.120,-0.610,-2.660,-3.060,-2.800,-2.160,-2.860,-1.600,0.110,-1.890,1.840,2.430,-1.860,0.050,-1.280,-0.010,-2.740,3.680,-2.550,1.000,1.530,-3.040,1.870,0.940,2.470,-0.400,-1.670,-3.360,-2.670,-0.290,2.270,-2.380,5.220,-0.950,-3.360,0.520,1.490,-5.940,-1.300,1.350,1.390,1.620,1.390,-2.140,1.520,-1.000,-1.020,4.090,-1.640,4.990,-2.350,0.000,-1.000,-0.010,-0.660,1.120,-0.940,0.270,0.840,-3.350,-0.860,-2.610,-2.090,1.070,4.440,1.420,-0.600,-0.090,-1.290,1.630,-1.330,1.480,-1.010,-2.320,-2.060,-1.420,0.820,2.270,-3.590,0.950,-0.010,-2.550,-1.120,-0.850,1.140,-0.370,2.870,2.110,-3.760,0.120
-1.450,-0.020,-0.760,-1.520,2.310,-0.790,-3.660,-0.310,0.000,-2.880,-1.220,-0.610,2.360,1.550,1.190,0.730,-0.720,-1.850,-1.920,-0.620,-1.960,-1.310,1.210,0.180,-0.450,0.990,1.050,-1.340,1.200,-0.530,-0.060,0.350,2.150,-1.100,0.490,-0.680,-0.730,-1.820,-0.470,-0.390,-0.290,-1.560,-2.090,-0.370,0.920,2.050,-1.000,-0.940,1.660,0.640,2.860,0.010,-0.600,-0.940,-0.970,-1.760,0.530,-0.030,-1.960,0.730,1.490,-0.110,0.120,-1.270,-0.950,1.440,2.160,0.490,2.690,0.210,1.670,0.220,-0.320,0.940,1.190,1.550,-0.170,-0.200,-1.460,0.830,-3.010,-0.100,-1.950,-1.730,-1.950,2.120,1.130,-0.890,0.540,0.270,1.940,-2.240,-1.250,-0.590,-0.150,-2.320,-1.810,1.760,1.430,-1.650,2.050,0.580,1.240,-1.160,-0.280,1.750,-1.440,0.110,0.820,0.890,-0.080
0.010,0.380,0.010,0.300,-0.450,1.460,-0.810,1.910,2.330,0.000,-0.150,0.970,-0.640,-1.620,1.430,-0.070,0.480,-0.980,-0.430,-0.510,-0.970,0.070,1.220,-0.950,-1.900,0.070,-0.690,-0.580,-1.420,0.560,-0.450,0.700,0.980,1.050,-0.910,0.490,-0.580,1.310,0.140,0.730,0.430,-0.380,1.340,1.010,0.900,-0.690,-0.790,-0.150,-1.190,0.050,0.500,1.010,0.450,0.670,-1.000,0.430,-0.260,0.590,-1.190,0.720,0.140,-0.050,-0.240,-0.210,0.670,1.160,-0.620,-0.010,-0.500,-1.910,-1.390,0.200,0.080,0.180,-0.530,-1.010,0.040,1.230,1.440,0.440,-0.470,-0.150,0.110,0.740,2.460,-1.960,0.330,2.850,0.430,0.220,-0.900,0.220,-0.110,-0.910,1.820,-0.150,0.320,-0.840,-0.540,-0.640,-0.540,-0.550,0.900,-0.060,-0.620,-0.800,-0.990,-0.880,1.120,0.440,0.290
0.070,0.770,-0.480,0.520,-1.230,1.740,-0.410,0.440,0.650,0.150,0.000,0.220,-0.180,-0.460,0.410,0.200,-1.510,0.120,0.060,0.320,0.360,0.610,0.130,-0.100,0.180,0.140,-0.830,-3.140,0.970,-1.450,0.980,0.560,1.430,-0.080,-0.950,-0.110,-0.440,-0.540,1.030,0.060,0.590,0.300,0.750,-3.080,0.080,0.330,0.050,-1.150,-0.260,0.140,-0.190,1.130,1.080,0.630,0.510,0.440,0.740,0.590,-1.070,1.030,0.240,1.710,0.320,0.570,-1.090,0.040,-0.270,0.210,-0.630,-2.150,-1.910,-0.280,0.590,-2.110,0.550,-2.110,-0.890,0.720,0.610,-0.410,0.910,0.290,-0.670,0.610,1.390,-1.070,0.040,-1.750,-1.070,0.110,-0.300,1.670,-0.020,1.500,0.680,1.600,0.100,0.390,-0.140,-0.970,0.480,-1.000,-1.320,-0.040,-0.460,0.320,-0.080,0.570,-0.370,0.570,0.880
0.100,-3.410,-0.850,-0.630,1.410,-1.010,0.520,-1.450,0.930,-1.290,-0.500,0.000,0.250,0.290,-0.190,0.700,-1.250,0.360,-0.660,-1.530,0.470,-0.270,-1.480,-0.630,-1.410,0.030,-1.140,-1.900,0.760,0.520,-0.450,-0.570,-1.040,-1.410,0.850,-1.190,-0.830,-2.010,1.630,-0.310,0.150,-0.530,-1.190,0.100,0.410,-0.990,2.360,-1.550,0.130,-1.090,-0.790,-0.550,-1.300,1.420,0.060,-2.070,1.250,-1.570,-0.430,1.290,-1.560,-0.590,-1.450,-1.960,-0.700,-1.150,2.610,-0.930,-0.890,1.540,2.220,-1.920,0.350,-0.270,0.120,0.380,1.530,-0.080,-0.740,-0.310,0.890,-1.870,-0.180,-1.920,-2.710,1.380,0.080,-1.480,0.780,-2.290,-1.420,-0.470,0.560,0.770,-0.060,-1.870,-0.270,-0.310,-0.500,-0.370,-0.970,2.210,0.820,-0.500,-0.530,1.840,0.530,-0.120,0.000,-1.080,-0.570
-0.180,-0.550,-0.540,1.760,2.080,-1.580,-1.310,1.040,-2.270,0.020,-0.210,0.250,0.000,1.490,0.860,1.860,-0.230,-0.420,-1.800,0.160,1.450,0.460,1.090,0.440,1.400,0.090,-1.970,2.640,0.520,-0.010,0.390,1.590,1.410,0.700,0.070,0.600,1.880,-0.630,2.580,0.100,1.250,1.930,-1.350,-0.100,-0.640,2.690,-0.330,-1.780,1.270,-1.470,1.640,1.350,0.740,1.690,-0.230,1.690,1.320,3.000,-1.440,-2.240,2.590,1.530,2.760,1.470,-1.210,1.390,0.770,-0.230,3.190,-0.620,0.940,0.850,-2.130,1.060,0.790,-0.180,-1.060,-0.980,1.110,0.830,-2.570,-0.780,-0.810,0.370,1.850,-3.280,-0.240,-0.990,0.060,0.470,1.360,-0.340,2.020,1.280,-0.470,0.640,1.160,2.350,3.030,-0.630,1.750,0.480,-1.990,0.200,2.730,0.850,-2.280,0.520,0.760,-1.810,0.230
1.060,-1.830,1.780,0.170,-0.630,-0.600,0.670,0.690,-1.540,1.460,0.360,-0.320,-1.050,0.000,1.100,0.380,-0.060,0.750,0.070,0.600,1.020,0.290,0.370,0.710,-0.520,1.230,0.160,-0.920,0.490,0.500,0.550,-1.880,-0.700,-0.420,-1.120,-0.620,-0.020,0.290,-1.690,0.240,1.530,-0.110,-0.410,1.160,-0.350,-0.980,1.810,-2.070,2.630,-1.590,-0.510,-1.200,-0.280,-0.540,-0.280,0.950,0.520,-1.710,0.910,0.550,0.300,-1.310,-1.600,-1.220,0.460,-1.570,-0.420,0.400,-1.140,-1.250,-0.170,-0.580,-1.240,-1.300,0.570,1.290,0.390,0.260,-1.120,-1.380,0.700,-0.190,0.950,-0.410,-2.200,-1.080,-0.540,0.050,0.280,-0.700,-0.400,-1.570,0.250,2.420,0.370,1.300,0.100,-0.150,0.590,0.270,-0.100,1.050,-0.560,-0.560,-0.910,-0.150,-0.540,-0.800,-0.310,-0.180,-0.870
-2.420,1.080,-1.590,-0.810,1.340,-0.470,-0.580,0.820,-1.150,-1.680,-0.630,0.190,-0.430,-1.080,0.000,-0.490,-1.060,-0.680,-0.170,0.110,-2.030,-0.250,0.690,0.130,1.380,-1.130,-1.090,1.320,-0.830,1.150,-0.020,1.260,1.520,0.120,0.110,0.900,-0.880,0.900,-0.610,0.350,-1.610,-0.550,0.090,0.020,-1.870,1.640,-1.330,-0.630,0.120,-0.200,-1.770,-0.210,0.700,2.290,-1.090,-0.180,1.870,0.180,-0.430,0.810,0.660,0.990,2.330,0.080,-1.570,1.600,2.500,-0.640,0.700,0.090,0.310,2.110,2.370,0.640,-0.270,1.120,-0.700,0.800,-0.580,-0.200,-0.550,-2.060,0.200,-0.640,0.440,-0.600,0.150,-0.380,-1.080,-0.060,-1.390,0.640,0.250,-3.250,-2.140,-4.840,-0.390,0.020,1.340,0.340,-1.030,-1.810,-1.950,-0.260,0.820,-0.190,-0.800,-2.600,-0.340,0.020,1.220
0.870,-0.680,0.810,-0.340,-1.010,-0.790,1.350,-0.980,-0.530,-0.270,-0.480,-0.700,-1.390,-0.400,0.490,0.000,0.150,-0.470,-1.850,-2.340,-0.310,-0.530,-0.170,-1.100,-1.120,-0.030,-1.330,-0.680,0.160,0.910,0.610,-0.390,-0.180,-0.450,0.710,-0.470,-0.630,-0.830,0.040,-1.560,0.750,-0.070,-0.050,-0.230,-0.980,-0.600,-0.200,-2.360,1.310,-0.120,-1.080,0.820,-0.690,-0.790,-0.220,-0.870,1.110,0.240,-0.510,0.170,0.210,0.290,-0.020,-0.810,-0.990,-0.990,1.140,-0.600,-0.660,1.690,0.740,-0.050,0.190,-1.090,1.620,0.080,0.480,-0.290,-0.780,-0.370,0.360,-0.600,0.340,-0.770,0.490,-2.910,0.100,-1.470,0.390,-1.440,-1.790,-0.980,-0.580,0.470,0.960,0.470,-0.530,0.080,1.020,-1.070,-0.360,-1.420,-1.180,-0.310,-0.630,1.010,0.610,-0.620,0.000,-0.240,0.930
-0.440,1.650,0.360,-0.490,0.080,-0.050,1.560,-0.040,0.050,-0.470,1.530,0.870,-0.100,-0.120,0.770,-0.590,0.000,-0.790,0.450,-0.660,0.070,0.430,-1.500,0.230,-0.530,1.170,0.140,0.500,0.770,-1.110,0.310,0.040,1.550,0.230,0.280,-0.840,-0.440,-1.590,0.240,0.890,0.240,0.570,0.130,-3.390,1.040,-1.480,1.430,-2.240,0.200,0.520,-0.740,-0.110,0.410,0.990,1.100,0.280,0.680,-0.440,1.800,0.940,-0.600,1.240,-1.070,-0.720,-0.820,-0.060,0.270,1.350,-0.580,-0.600,-0.400,-0.830,-0.880,-0.550,1.180,0.090,-0.310,1.630,-1.030,-2.490,0.640,-1.410,-0.470,-0.210,-0.400,0.810,-0.280,-2.530,-0.030,-0.640,-0.280,0.560,-0.320,1.790,0.840,0.300,-1.400,0.230,0.490,1.490,-0.530,-0.100,0.080,-0.640,-1.730,0.090,-0.060,-0.410,0.260,1.730,0.430
1.050,0.250,1.370,0.180,1.820,0.840,1.710,0.180,1.530,0.870,-0.120,-0.310,0.150,-0.530,0.730,0.530,0.750,0.000,1.080,0.730,1.750,-0.190,0.310,-0.220,-0.490,1.140,0.890,0.420,0.400,0.760,0.320,-0.300,0.040,0.170,-1.930,0.070,0.610,-0.770,-1.250,-0.550,0.500,-0.080,0.500,1.490,0.790,0.150,1.030,1.330,-0.690,-1.370,0.960,-0.150,0.780,0.110,-0.100,0.510,-0.640,-0.070,-0.090,1.750,0.240,-0.870,-1.330,0.150,1.270,-0.960,-2.560,-0.120,-0.280,-0.530,-0.870,-1.540,0.870,-0.280,1.440,1.580,0.340,0.130,0.220,-0.170,0.810,0.650,0.920,-0.360,-0.420,-0.970,-0.480,2.370,0.950,-0.310,0.130,-1.000,1.070,0.010,1.670,1.490,-0.570,-0.760,2.120,-0.400,1.480,-1.970,2.210,-0.670,-1.140,-0.730,-0.160,-0.760,-0.190,0.460,0.020
-0.720,2.850,0.030,0.600,0.810,-1.080,-2.100,1.310,0.950,0.410,-0.110,0.100,1.110,-0.380,-0.360,1.340,-0.470,-1.330,0.000,-1.490,1.170,0.180,-1.780,0.230,-0.050,-0.990,-0.880,0.380,-0.830,-0.850,-1.500,-0.350,0.760,-0.280,0.150,-0.410,-2.270,-0.520,1.260,-1.110,1.390,1.740,-0.070,-1.200,1.410,-0.740,0.830,-2.500,0.890,-0.080,-0.840,-0.050,-2.790,0.800,0.880,1.780,0.230,1.040,-2.180,-1.310,0.910,1.790,0.530,-1.200,-4.290,1.340,1.330,0.110,0.310,0.750,1.530,-0.460,0.180,-0.520,-0.190,-2.380,-1.810,0.440,-0.200,0.430,-1.680,-2.060,-0.650,-0.610,2.650,-0.210,-0.200,-3.300,-0.690,-0.320,3.180,-1.050,-1.750,0.330,0.600,-0.100,-1.220,1.570,1.360,-0.700,-1.520,-2.170,-2.770,-0.330,1.030,-0.870,0.140,1.040,0.740,0.150,-0.670
0.590,1.170,0.070,-0.660,2.010,1.430,1.720,-0.460,-0.100,0.530,-0.330,1.210,-0.530,-0.780,-0.440,2.060,0.660,-0.760,1.440,0.000,0.480,1.290,0.790,0.750,-0.680,-1.040,-1.290,0.060,-0.140,0.010,-0.820,-1.140,-1.170,-1.360,-1.090,-0.420,-1.020,0.540,-1.150,-0.710,0.510,0.690,-0.340,0.680,1.960,-1.990,0.800,-0.800,1.860,-2.010,-0.510,-0.490,0.360,1.330,1.350,-0.820,1.210,-1.350,-0.950,-2.030,-0.150,-0.970,-0.240,0.570,-0.350,0.230,0.000,0.120,1.230,-2.050,1.370,0.040,1.740,0.460,-1.280,-0.650,0.040,0.740,-1.450,0.830,-0.060,-0.280,-0.750,-0.480,0.870,1.820,0.020,-0.200,0.030,-0.730,2.340,-1.660,1.290,-0.160,-1.910,-0.050,-3.420,-1.130,1.650,-0.540,-0.950,-0.720,0.440,-0.090,-0.650,-0.670,-0.010,-0.280,0.540,-0.320,-0.730
-2.650,0.210,1.260,-0.050,0.710,0.040,1.400,0.940,2.160,0.440,-0.720,-0.430,-1.120,-0.960,1.980,0.340,-0.480,-1.850,-1.820,-0.840,0.000,-0.900,-0.230,1.330,-0.110,1.070,-1.040,1.370,-0.080,1.120,1.000,-0.400,0.660,-0.170,-0.270,0.170,0.330,1.030,-0.890,-1.530,-0.980,-0.220,-0.130,-0.070,-0.220,1.650,0.220,-0.040,0.600,-0.320,0.260,-0.200,-0.760,-0.870,-1.360,1.230,1.100,1.830,-1.900,-3.140,0.120,0.620,2.910,-0.270,-3.020,2.480,1.750,-0.320,3.810,0.100,0.000,-0.060,0.140,-2.510,-1.690,-0.200,-1.150,-1.180,0.380,0.830,0.250,-2.150,0.710,0.940,1.160,-0.670,-1.110,-0.190,-0.510,-0.380,-0.200,-1.760,0.370,-1.990,-2.480,0.690,-0.050,-0.100,0.900,-0.040,0.250,-4.020,-4.390,-0.510,0.250,0.340,0.870,-0.420,-0.870,-2.210,-1.540
0.730,0.300,0.690,0.260,1.550,-0.150,1.250,-0.720,1.290,-0.520,-0.890,0.520,-0.430,-0.040,0.410,0.790,-0.760,0.020,-0.830,-1.520,0.950,0.000,0.090,-1.590,-0.880,0.370,-0.510,-1.830,0.310,0.280,0.050,-0.020,0.740,-0.330,-0.230,-0.500,-0.470,-1.020,0.730,-0.910,0.790,-0.170,-0.260,0.520,0.020,0.140,0.910,0.150,-0.260,-0.600,0.220,1.110,-0.510,1.120,0.450,-1.210,0.690,0.110,-0.440,1.020,0.610,0.430,-1.180,-0.080,-0.380,-0.090,0.240,-0.610,-0.970,0.810,2.080,-0.490,-0.190,-1.590,1.620,0.090,-0.200,0.470,0.950,-1.320,0.630,-0.310,-0.240,-0.340,-0.540,-1.390,-0.170,0.170,0.340,-0.830,-1.090,0.300,0.160,0.890,0.750,1.230,0.180,-0.510,2.360,-1.110,0.440,-0.050,0.080,-0.580,-0.740,0.090,-0.340,-0.010,0.460,-0.310,1.090
0.230,0.120,0.100,-0.820,-0.460,-0.650,3.680,0.080,-1.710,-1.150,-0.060,1.300,-1.180,-0.510,-0.960,-0.100,1.540,-0.110,1.800,-0.770,-0.060,-0.150,0.000,1.160,1.750,1.070,-0.040,0.070,1.670,0.850,-1.310,-1.530,-0.300,-1.200,1.830,-0.650,1.890,0.780,0.490,-0.890,0.960,-0.160,-0.240,-0.240,1.050,-0.740,-1.950,0.200,2.940,-0.030,-0.660,-2.430,0.620,1.650,0.580,1.060,1.290,-1.060,2.350,-0.890,-1.360,-0.370,1.660,-2.980,-0.180,-0.020,1.600,-1.010,0.300,-0.800,1.250,-0.340,0.480,0.090,-0.990,0.980,-1.290,-0.120,-3.430,-0.440,-1.140,-1.680,1.380,-0.340,-1.210,2.060,0.060,-1.260,-1.450,-1.490,0.670,-3.240,-1.290,1.000,0.420,-0.250,-1.570,2.260,0.090,1.520,0.110,-0.550,-1.900,0.740,0.460,1.700,1.870,-2.460,1.080,-1.560,-2.110
-0.110,0.580,0.700,1.940,1.620,1.290,0.350,0.450,-0.730,0.880,0.110,0.630,-0.760,-0.550,-0.120,1.110,-0.180,0.220,-0.340,-0.690,-1.500,1.400,-0.910,0.000,-0.560,-1.580,0.250,0.340,-0.130,0.140,-0.500,2.190,1.770,0.920,-0.440,0.980,0.330,-1.530,1.100,-0.580,0.620,0.910,-0.420,-0.340,1.340,1.440,0.020,0.000,-1.520,-1.430,-0.700,2.630,-0.890,2.710,0.860,-0.960,-0.210,3.230,-1.610,-0.670,1.090,0.220,0.200,0.810,-0.530,0.830,-0.630,0.280,1.020,-0.040,2.120,0.100,-0.060,-1.250,0.320,-0.990,1.140,0.300,1.520,1.280,-0.430,-0.620,-0.330,1.070,-0.060,-0.200,0.610,0.630,0.420,-0.040,-0.040,-0.110,1.200,0.880,0.480,-0.550,0.800,0.920,-0.340,-0.960,1.660,-1.090,-0.120,0.330,-0.450,1.100,0.130,1.680,0.630,0.170,-0.250
0.420,1.840,1.710,0.260,-1.600,0.810,-0.560,1.320,-0.580,2.000,-0.240,0.760,-2.340,0.100,-2.170,0.440,0.520,0.450,0.110,0.670,-0.690,0.360,-1.910,0.580,0.000,-0.020,-1.150,0.600,-0.100,1.020,-0.940,0.280,-0.970,0.270,-0.890,0.510,-1.520,1.180,0.170,1.650,0.470,0.880,-0.580,-2.360,1.290,-1.860,0.080,-2.720,2.750,-2.940,-1.870,0.930,0.200,-0.970,0.790,3.270,2.900,0.040,0.730,-1.490,0.400,-0.300,-1.570,-0.520,-2.230,0.240,-0.230,-1.490,-3.260,-1.250,1.050,0.890,1.810,-1.350,-0.540,-2.680,-1.180,-0.240,-0.420,0.630,0.720,-2.620,1.150,-0.120,1.500,2.230,-0.200,-4.570,-1.050,-3.200,0.290,-2.230,0.230,0.120,0.100,-1.840,-2.000,-1.490,-0.850,1.600,-0.460,-1.310,-0.900,-0.730,0.380,0.770,-0.380,0.910,0.270,2.620,-1.450
-1.970,2.210,0.590,1.430,-0.210,0.410,3.090,2.470,-1.480,-0.130,-0.170,-0.120,-0.240,-1.200,1.060,-0.070,-1.190,-1.120,0.770,0.960,-1.390,-0.510,-0.970,1.630,-0.150,0.000,0.370,0.860,2.010,-1.650,3.420,0.830,0.170,0.630,-0.710,0.640,-0.520,-0.410,0.660,-0.670,-1.180,1.540,0.530,-2.350,0.190,2.050,-1.250,-1.460,-0.210,-0.510,-1.280,-1.190,1.480,1.750,0.470,2.100,3.160,1.310,-0.860,-2.380,0.000,3.760,3.180,0.930,-2.610,1.560,1.380,0.430,1.500,-1.240,-1.710,-0.780,-0.380,-0.720,-1.410,-0.280,-0.360,-0.240,-0.090,0.870,-0.180,-2.440,-0.340,1.740,1.480,1.620,-0.790,-3.460,-2.350,0.120,1.570,1.100,2.460,-0.010,-2.500,0.940,0.270,0.450,-1.330,0.040,-0.530,-1.000,-4.080,0.360,1.090,0.430,0.110,1.310,-1.160,-0.030,-1.410
1.330,3.030,-0.330,0.570,3.710,0.970,-1.570,0.640,-1.370,0.530,0.780,1.460,1.900,0.270,1.350,1.650,-0.100,-0.850,0.460,1.190,1.130,0.480,0.350,-0.250,0.910,-0.230,0.000,1.520,-0.350,-1.360,-1.460,0.910,3.020,-0.240,1.490,1.150,1.410,0.540,1.090,0.560,0.260,2.200,-0.590,-0.280,0.520,3.120,-1.880,-1.810,-1.600,0.590,0.800,1.070,2.810,2.520,-0.540,0.340,0.660,2.400,5.190,-1.630,1.380,1.570,2.120,1.630,-1.090,2.360,1.250,2.690,1.280,-0.570,1.020,-0.660,-0.020,0.840,1.270,0.700,0.660,0.020,-0.710,0.860,-2.520,-1.130,-0.880,-0.090,1.530,-2.160,0.400,0.050,0.210,-0.660,2.190,-1.310,3.390,2.050,-0.370,-0.190,0.050,2.740,2.390,1.450,1.130,0.440,-0.470,-0.960,1.160,-0.030,0.230,-0.380,0.730,-1.260,1.130
-0.750,-0.310,-0.440,0.890,0.130,1.850,-3.620,2.250,0.990,0.620,3.260,1.680,-3.190,0.800,-1.640,0.380,-0.490,-0.350,-0.400,-0.060,-1.810,1.810,-0.050,-0.240,-0.650,-0.890,-1.490,0.000,-1.260,-1.260,-1.190,1.820,1.910,2.420,-0.930,-1.040,0.800,-0.320,1.650,2.090,0.870,1.490,1.780,-1.240,-0.590,-0.450,-0.580,-1.620,-0.890,0.800,-1.620,0.820,-0.550,1.850,-0.810,1.520,0.150,0.670,-0.950,0.160,-0.030,1.180,2.200,1.160,-0.070,-0.410,-2.210,-0.790,-2.150,-4.360,0.240,-0.400,-3.590,-0.690,-0.820,-1.510,-0.880,1.020,0.390,1.500,1.000,0.350,-0.790,0.610,6.860,0.560,0.730,-0.820,-1.030,-0.270,0.570,3.550,0.510,-1.610,-0.650,-0.620,2.090,0.880,-0.330,0.130,-0.230,-0.600,-0.250,-0.320,0.980,0.650,-0.440,1.280,0.600,0.790,-0.040
-0.540,-0.650,-1.080,2.560,2.330,-1.910,0.440,1.830,-1.290,0.840,-1.230,-0.550,-0.450,-0.250,0.920,0.040,-1.070,-0.570,0.010,-0.260,0.140,-0.320,-1.630,-0.100,-0.540,-2.050,0.280,0.940,0.000,-0.270,0.630,0.340,-0.310,-0.240,-2.490,1.010,-1.200,-1.860,1.920,0.470,0.230,0.680,-1.020,-0.310,1.110,1.490,-1.320,-2.180,-0.140,-0.530,-1.520,-1.300,-0.970,0.210,-0.550,0.520,-0.050,1.480,-1.590,-1.430,0.100,2.690,1.700,0.830,-0.590,-0.090,-2.300,-0.390,3.010,-1.970,1.830,-0.510,0.050,-0.420,-2.360,-0.980,0.810,0.430,1.430,2.230,-1.600,-0.780,-1.160,0.730,0.790,3.750,0.220,0.930,-0.830,-0.260,1.850,-0.700,2.380,-1.300,-1.630,0.480,-1.930,0.910,-0.260,-0.460,-1.120,-0.240,-0.300,0.930,-0.540,0.040,1.120,3.310,-0.700,-0.470,-0.900
-1.180,0.420,0.480,-0.470,-0.070,-1.140,1.410,0.740,0.640,-1.340,0.690,-0.480,0.420,-0.530,-1.130,-0.840,0.280,-1.100,-0.270,-0.700,-1.130,-0.290,-1.230,-0.540,-1.960,1.120,1.220,0.570,0.260,0.000,-1.250,-1.250,0.390,0.130,-1.390,-1.350,-0.660,-0.540,-0.730,-1.260,-0.490,0.580,-0.160,-1.940,0.290,0.200,0.720,-5.080,-0.400,-1.510,0.680,0.300,-1.170,-0.260,0.490,-1.230,-0.250,-1.960,-2.200,-0.550,-0.800,0.230,-0.820,-0.710,-2.700,-0.780,-0.220,0.570,-0.950,-2.190,-0.930,-0.750,0.130,-2.460,-0.750,0.280,0.160,0.020,-0.790,-0.900,-1.160,-0.820,-1.540,-1.170,0.160,1.160,0.380,-1.750,0.550,-0.240,1.020,-0.820,-0.890,-0.740,0.020,-0.750,-1.130,-1.060,-0.110,-0.840,-0.320,-1.210,-0.850,-1.520,-0.400,-2.410,-1.450,0.830,-0.550,0.080,-1.450
1.030,1.470,0.100,0.910,2.590,0.430,0.360,-0.050,-0.220,0.350,-0.860,0.850,-0.600,-0.020,0.370,-0.160,-0.210,-0.280,1.070,0.810,-0.840,-0.070,1.580,0.480,0.790,-3.070,1.460,1.290,-0.640,1.210,0.000,2.010,1.610,0.490,0.020,0.420,1.080,1.350,2.720,0.400,-0.070,-0.120,0.270,4.540,0.250,2.820,-2.840,5.870,0.480,-0.640,-1.590,1.600,0.220,0.820,0.180,-0.980,-1.300,2.470,-1.400,-1.490,0.070,0.960,3.900,2.640,3.350,1.490,-1.380,0.310,0.840,-2.710,-0.030,0.240,2.070,2.210,-0.840,2.430,1.660,0.430,0.850,0.600,-3.630,0.190,-0.440,-0.350,-0.830,3.260,1.370,4.940,-0.180,0.570,-1.180,0.410,2.290,-2.070,0.510,-2.510,0.510,0.470,0.460,-1.810,0.590,1.050,1.730,-0.560,0.330,1.780,1.320,2.170,1.330,-0.620,0.540
0.320,-1.180,0.150,0.030,0.480,-0.630,-0.950,-1.420,-0.090,-0.680,-0.500,0.570,-1.080,1.930,-1.280,0.370,-0.100,0.670,0.200,1.090,0.490,0.440,1.440,-1.910,-0.600,-0.710,-0.300,-1.850,-0.090,1.350,-1.450,0.000,-0.360,-1.170,-0.970,0.420,3.150,-0.650,-0.470,0.090,0.770,-0.960,-0.230,3.240,-0.770,0.800,0.620,2.980,1.910,-1.130,-0.730,0.540,-0.300,0.970,0.310,-1.360,-1.680,1.370,0.120,1.050,0.190,-0.760,-0.360,0.580,2.020,-1.130,-1.160,-0.900,0.800,-0.580,1.710,-0.270,-1.410,-0.200,1.400,1.300,1.150,-0.360,1.220,0.310,0.010,2.360,0.310,-0.410,-0.090,-0.710,-0.010,2.060,0.530,-1.200,-1.550,-0.690,-0.890,-0.440,-0.210,0.000,-0.560,-0.190,0.780,-0.470,0.730,0.250,1.150,0.130,-1.360,1.490,-0.370,-1.960,0.530,-0.670,1.520
-0.410,-1.180,-1.010,-0.280,1.210,-0.020,-2.260,-1.350,-1.870,-1.050,-1.450,1.130,-0.520,0.730,-1.480,0.240,-1.700,0.330,-1.020,0.990,-0.510,-0.230,0.120,-1.470,0.350,-0.060,-2.500,-2.030,0.770,-0.250,-0.940,0.330,0.000,-1.130,0.500,-0.470,2.120,-0.540,1.230,0.230,1.040,0.110,-0.650,1.270,-1.090,1.450,0.640,3.330,-0.050,-0.500,0.530,-0.340,-0.010,1.720,0.520,-1.010,-0.630,0.320,1.000,1.350,0.690,-0.590,-0.500,-0.500,0.180,0.360,-0.480,-0.940,2.230,-1.410,-0.210,-0.080,-1.910,0.770,1.490,0.000,0.210,-0.440,-1.260,1.440,-0.220,1.530,0.190,0.040,-0.100,-0.140,-0.170,-1.600,-0.070,0.640,-0.580,-0.730,0.810,-0.770,-0.540,0.380,0.250,-0.760,0.790,-1.310,0.990,0.250,-2.470,-0.620,-0.380,1.110,-0.620,-1.080,0.800,-1.960,0.390
0.600,0.750,-0.910,-0.010,3.430,-0.160,0.060,0.290,0.940,-1.050,0.090,1.810,-0.900,0.950,0.290,0.920,-0.160,-0.150,-0.020,1.260,0.390,0.350,1.460,-0.890,-0.320,-0.430,0.240,-1.930,0.260,-0.100,-0.490,1.810,1.910,0.000,0.640,-0.330,0.980,0.080,2.030,0.360,1.010,0.700,0.010,0.330,-0.050,1.260,0.810,2.030,-1.150,0.900,0.630,1.640,1.820,3.470,0.410,0.010,-0.070,0.680,0.450,0.930,1.030,1.980,1.630,1.920,0.950,0.290,-0.350,0.680,0.120,-0.300,0.960,-0.460,-0.150,0.060,2.290,1.740,0.410,0.340,1.340,0.030,-0.720,0.610,-0.700,-0.740,1.390,-0.280,0.880,0.730,1.080,0.340,-0.040,1.030,0.680,1.070,-0.070,-0.200,0.930,0.400,2.650,-0.200,1.200,0.930,1.100,-0.130,1.030,1.550,-0.580,0.440,0.780,-0.040,1.020
-0.290,-0.940,1.230,0.880,0.870,-0.030,-0.950,-0.020,-0.550,0.600,0.710,-0.820,0.300,1.140,-0.090,-0.680,-0.520,1.930,-0.580,0.810,0.240,0.310,-1.840,0.410,0.320,0.600,-1.360,0.690,2.650,1.320,0.190,1.030,-0.290,-0.370,0.000,-0.830,0.560,0.000,-0.080,-1.290,0.320,0.940,-0.410,-3.020,-0.580,0.100,-0.320,-2.290,2.290,-1.410,-0.670,-1.300,-0.120,-1.210,-0.780,1.680,-0.340,-0.270,0.160,-1.330,0.970,0.060,-0.740,-1.740,-1.250,-1.510,-0.060,-0.650,0.310,-0.500,0.210,1.720,-1.140,1.000,0.440,0.200,0.410,-1.600,-0.090,1.030,-0.030,-0.150,0.130,0.060,-0.440,1.070,0.500,-3.460,1.210,-0.410,2.230,-0.900,0.070,-0.140,0.510,1.030,0.340,1.360,1.220,-0.250,0.770,0.300,-1.940,0.990,0.100,0.170,1.060,2.230,-0.200,-0.390,-1.750
-0.520,-1.000,0.810,0.550,1.260,0.760,0.690,-0.220,0.200,-0.520,0.100,1.060,-0.930,0.610,-1.060,0.320,0.800,-0.050,0.280,0.390,-0.470,0.330,0.710,-0.960,-0.580,-0.650,-1.160,1.040,-1.380,0.900,-0.340,-0.290,0.540,0.450,0.720,0.000,2.450,-0.300,0.270,-0.680,0.190,0.160,0.610,2.710,0.090,0.840,0.520,2.800,0.010,-0.230,0.050,0.210,0.660,0.430,0.400,1.090,-1.140,0.650,0.720,-0.120,0.140,-0.950,1.020,0.940,-0.300,0.320,-2.280,-1.220,0.590,-0.130,-0.740,-0.240,0.520,0.480,-0.720,0.670,0.230,-0.090,1.020,0.920,-0.010,1.270,0.470,0.190,0.100,0.000,0.750,2.090,0.650,0.830,-0.880,-1.000,0.360,-1.070,-0.610,-0.730,-0.640,-0.210,-0.310,0.020,1.070,-0.080,-0.030,-0.620,-0.250,0.190,-0.020,0.590,0.740,-0.760,-1.220
0.320,2.560,1.810,-1.850,-0.050,2.060,1.620,-0.170,0.740,0.810,0.640,0.650,-1.850,-0.100,0.790,0.420,0.560,-0.280,2.460,1.190,-0.550,0.660,-1.900,0.030,1.440,0.720,-0.990,-0.750,1.370,0.350,-0.540,-3.350,-2.430,-0.440,-0.630,-2.370,0.000,0.210,-0.770,-1.840,1.210,0.070,-0.470,-0.490,0.900,-2.330,0.650,-0.930,1.460,2.410,-1.100,0.350,2.240,-0.350,-0.150,0.450,0.640,0.000,3.840,-1.010,-1.200,-0.360,-0.270,-2.050,-1.460,-0.960,1.270,2.360,-0.340,0.650,1.660,-0.050,0.810,0.320,0.110,-0.890,-1.910,0.260,-1.730,-1.690,0.290,-3.040,0.050,-0.400,-0.040,-1.370,0.210,-1.660,-0.270,-2.110,-0.100,-1.330,-0.860,2.040,0.010,1.000,-0.950,-0.390,0.300,0.930,-0.040,-2.960,-0.540,-0.490,-0.420,-0.980,-0.220,0.190,-0.480,-0.200,-0.210
-0.530,0.220,-0.570,-0.690,1.500,-0.920,1.720,0.710,1.020,-1.350,0.520,1.450,0.050,-0.720,-1.560,0.180,1.600,0.720,0.570,-0.590,-1.890,0.520,-0.870,1.600,-1.160,0.270,-0.750,0.260,1.410,-0.580,-1.580,0.380,0.090,-0.210,-0.510,0.210,-0.220,0.000,0.370,-0.570,-0.130,1.600,-0.640,-1.990,0.780,-1.700,0.850,-1.110,0.720,0.310,-1.610,-0.210,0.550,3.220,0.380,-0.610,0.580,-0.380,-0.120,-1.060,-0.010,-1.380,-1.700,-0.790,0.050,0.520,0.250,0.450,-0.670,-0.390,1.200,-0.250,0.040,-0.130,0.260,-0.920,-0.710,0.430,-2.510,-1.030,-0.540,-0.290,-0.830,0.180,0.710,0.710,-0.440,-2.980,0.720,-0.600,-0.880,-1.830,0.080,-0.030,-0.270,-0.780,-1.550,0.330,2.240,0.240,0.010,0.230,0.480,-0.210,0.990,0.250,1.790,-0.830,1.080,1.210,-0.400
0.250,-3.560,-1.030,-0.330,0.940,-0.990,-2.080,-1.360,0.970,-1.220,-1.900,-1.810,-1.990,1.170,0.330,-0.240,-1.350,0.790,-2.580,-0.070,0.810,-0.580,-1.340,-1.620,-1.700,-1.210,-1.020,-2.570,-1.790,0.840,-2.590,-0.030,-1.410,-1.770,-0.170,-1.020,-0.200,-1.970,0.000,-0.210,0.630,-1.650,-1.060,-0.430,-0.350,-1.440,-0.610,-2.340,-2.150,-2.580,-1.730,-0.990,-1.620,1.210,-1.010,-1.970,-1.180,-1.280,-2.720,0.220,-0.510,-0.290,-0.740,-0.330,0.910,-1.890,-1.890,-1.850,-2.680,-0.970,-0.810,-0.870,-1.070,0.720,0.310,-0.400,2.160,-0.520,0.210,1.520,-1.150,1.120,-0.940,-1.460,-0.800,2.680,0.090,0.140,0.800,-1.230,-1.040,0.030,-0.040,-1.140,-0.360,-1.000,-1.120,0.160,-1.330,-3.000,0.200,3.640,-0.140,-1.470,-1.780,0.100,0.990,-0.520,0.000,-1.990,1.180
1.510,-2.320,0.880,0.080,0.580,-0.140,-1.730,1.410,-0.320,-0.710,-0.050,-0.230,-0.470,-0.530,-0.770,1.160,-0.900,0.630,1.140,0.730,1.150,0.640,0.880,0.700,-1.640,0.650,-0.560,-2.130,-0.970,0.570,-0.320,-0.250,-0.520,-0.300,1.060,0.700,1.860,0.550,-1.130,0.000,0.640,-0.400,-0.930,1.900,0.940,-0.320,3.490,4.920,0.990,-1.650,1.720,-0.750,0.230,-0.170,0.700,0.060,0.080,-0.430,0.150,-0.490,0.980,-1.880,-3.440,-2.260,-0.780,0.870,1.080,-1.960,0.020,-0.690,1.060,-0.980,-0.600,-0.090,1.290,-0.370,-0.250,0.730,-2.100,-0.670,0.850,-1.410,0.890,0.520,-1.310,-1.160,0.370,0.350,1.020,-0.360,-0.140,-3.270,-0.700,-1.260,0.230,0.920,-2.120,-0.670,0.150,1.920,-0.750,-0.750,-0.150,-0.310,-0.730,-0.480,-0.380,-1.220,1.000,0.050,-0.240
-0.370,-0.840,1.190,-0.880,-0.440,-1.460,3.270,-0.060,0.460,-1.180,-1.150,-0.160,-0.960,-1.530,1.440,-0.730,-0.880,-0.820,-2.220,-1.180,0.890,-0.760,-1.340,-0.970,-1.410,0.550,-0.280,-1.370,-0.190,0.500,0.100,-0.790,-0.880,-0.910,-0.430,-0.690,-1.470,-0.830,-0.580,-1.360,0.000,-0.580,-1.160,-0.910,0.400,0.050,1.160,-0.580,0.830,-1.340,0.470,-0.560,0.440,-0.880,0.100,-2.070,-1.040,-2.340,-0.850,0.180,-0.870,-1.420,-1.130,-0.500,-1.930,-0.660,-0.130,-0.490,-0.850,0.980,0.060,-2.160,1.340,-1.730,0.260,1.960,0.410,-0.540,0.980,-3.330,0.050,-0.980,-0.410,-1.720,-0.970,1.470,-0.640,-1.790,1.180,-1.890,-1.530,0.060,-0.570,-0.510,0.570,0.290,-1.210,-2.320,2.100,-1.480,-1.140,1.100,2.450,-0.130,-0.560,0.300,-1.650,-2.110,-0.980,-2.030,-0.300
-0.440,-0.760,-0.240,0.510,-0.610,0.420,0.060,-1.000,2.050,0.330,-0.310,0.520,-1.570,0.110,0.580,0.050,-0.680,0.370,-1.910,-0.780,0.270,0.570,0.070,-0.610,-1.210,-1.470,-1.770,-1.560,-0.490,-0.680,0.860,0.960,-0.120,-0.020,-0.890,-0.090,-0.170,-1.860,1.290,0.190,0.530,0.000,-0.150,1.200,-0.740,-0.180,-0.390,0.850,0.020,-1.580,-1.180,1.290,-2.280,0.380,-0.370,-1.670,-0.150,1.180,-2.320,-0.340,-0.120,-0.070,-0.080,0.500,0.050,-0.450,-0.460,-0.630,0.570,-1.120,-0.740,0.020,-0.240,0.160,0.550,-0.810,1.700,0.180,2.050,0.360,1.480,1.950,-0.130,0.310,0.670,-1.230,0.770,0.750,0.200,-0.660,-0.510,0.760,-0.630,-0.030,-0.140,0.190,1.190,-0.340,-1.160,-1.160,0.290,0.610,-0.240,0.230,-0.750,1.480,0.010,-1.010,-0.200,-1.530,1.880
0.040,0.200,-0.690,0.100,-0.090,0.630,-0.040,0.670,1.710,-1.240,-0.630,1.370,1.100,0.730,0.100,0.250,-0.010,-0.470,-0.040,0.420,0.100,0.090,0.570,0.430,0.590,-0.390,0.570,-1.450,0.870,-0.150,-0.310,0.750,1.160,-0.060,0.500,-0.480,0.960,0.610,0.820,1.020,0.940,0.650,0.000,0.700,0.700,1.010,-1.460,-1.690,-1.130,-0.110,0.080,0.600,0.250,2.280,0.480,-1.270,0.160,0.490,1.120,1.410,0.330,0.970,1.370,1.190,0.330,0.110,0.320,0.930,-0.860,-1.540,-1.020,0.990,1.360,0.430,0.910,1.320,0.690,1.110,0.970,0.370,0.300,0.850,0.310,-0.330,1.510,0.450,0.640,1.740,0.500,1.120,-0.610,1.230,0.020,-0.590,1.300,-0.860,0.570,-0.030,0.460,-0.940,0.500,0.820,1.130,0.150,0.300,-0.590,0.820,-0.110,1.070,0.330,1.010
0.730,-0.100,1.140,-4.240,-1.320,-0.560,0.320,-1.490,0.670,-1.140,2.940,-0.110,0.970,-1.160,0.000,0.230,3.120,-1.310,0.840,-0.830,0.140,-0.260,0.060,0.480,1.750,2.390,0.760,1.050,0.610,2.090,-4.180,-3.180,-1.230,0.250,3.200,-2.720,0.320,1.490,0.140,-2.140,0.920,-1.190,-0.360,0.000,0.220,-2.540,0.460,-2.380,2.000,1.650,1.930,-1.650,1.940,-2.320,-0.960,0.630,1.420,-3.170,0.390,0.460,-4.430,-2.360,-1.560,-2.330,-2.950,-1.230,2.090,-0.570,-4.190,4.020,1.680,-0.970,2.820,0.140,0.360,2.170,-1.330,0.300,-5.090,-2.810,0.770,-2.350,1.160,-2.930,-1.500,-1.950,1.580,-3.130,2.000,-1.810,0.420,-3.760,-3.010,0.640,2.920,1.890,-2.220,0.420,2.760,0.890,1.410,-1.680,-2.560,1.750,0.780,0.650,0.650,0.160,1.100,1.540,-0.790
-1.160,0.030,-1.120,-0.070,-0.330,-1.180,-1.200,-0.200,-0.860,-1.590,-0.640,-0.370,1.020,0.300,1.770,0.970,-1.600,-1.040,-2.300,-2.450,0.210,0.030,-1.340,-1.670,-2.100,-0.490,-0.520,0.030,-1.090,-0.290,-0.200,0.710,1.160,0.180,0.500,-0.520,-1.100,-1.660,0.380,-1.550,-0.410,0.680,-0.880,-0.190,0.000,0.810,-0.010,-2.180,-0.900,-0.220,0.920,0.610,-1.510,0.840,-0.190,-1.840,0.270,0.230,-1.910,0.240,1.210,0.320,0.740,-1.250,-1.800,1.280,0.230,-0.660,2.040,-1.060,0.340,-1.110,-0.590,0.240,0.970,-1.180,-0.450,0.770,0.130,-0.410,-0.950,-1.430,-0.730,-0.910,-0.350,-1.510,-0.170,-0.650,-0.560,-0.080,0.650,-0.250,0.460,-0.560,-1.900,-0.040,-0.090,-0.480,0.250,-1.910,-0.160,0.700,-2.260,-0.330,0.450,-0.820,0.260,-1.750,0.570,-1.120,0.590
-0.360,-1.300,0.840,-0.350,0.900,-0.050,-0.940,-0.650,-1.480,0.800,-0.180,1.200,-1.640,1.130,-1.510,0.800,1.480,0.480,0.650,2.010,-1.430,0.660,0.660,-0.790,1.390,-1.820,-2.360,0.430,-0.970,0.150,-1.910,-0.770,-1.450,-0.090,0.260,-0.600,2.130,1.370,1.350,0.160,0.210,0.250,-0.210,2.720,-0.530,0.000,-0.810,1.140,0.600,-1.220,-1.320,-0.080,0.660,1.300,-0.560,0.080,-1.470,1.950,-0.900,-0.040,-0.470,-0.690,-0.190,1.020,1.250,0.680,0.190,-0.700,-0.980,0.210,1.180,-0.190,0.370,-0.150,-0.090,-1.300,1.210,0.080,-0.500,-0.280,-0.250,1.170,-0.340,-0.560,0.890,0.510,1.650,0.540,-0.140,-0.740,-0.470,-1.580,1.070,-1.140,-0.890,-0.650,-1.030,1.940,-1.220,0.450,0.580,-1.750,-2.480,0.130,0.360,1.930,1.120,-0.180,0.080,-0.410,-0.680
0.930,-0.630,-0.170,-0.280,1.340,-0.680,2.430,0.450,0.930,-0.810,-1.210,-1.180,0.050,-1.080,1.460,0.780,-2.280,-1.820,-2.630,-1.780,0.090,-1.010,1.120,-1.030,-1.470,0.360,0.650,-0.320,0.980,-0.230,1.450,0.050,0.460,-1.480,0.290,-1.340,-0.600,-2.300,1.980,-3.900,-0.440,0.790,0.030,0.250,0.420,2.000,0.000,-0.890,-2.420,-0.290,1.100,1.010,-1.060,1.380,-1.190,-1.770,1.510,-0.340,-3.360,-1.060,-0.690,1.050,0.810,0.250,0.200,0.150,-0.350,0.620,0.080,0.300,-0.780,-1.510,0.080,-1.890,-2.290,0.690,0.280,-0.660,-0.570,-0.050,-0.750,-1.230,-1.270,-2.310,-0.100,2.290,0.050,0.640,0.370,-1.450,1.650,-1.280,0.740,0.080,0.170,-0.690,-1.140,1.720,-0.280,-4.170,-0.070,1.480,0.840,-0.770,0.030,0.510,-1.230,1.350,-0.510,-1.060,-0.120
1.490,-1.600,0.540,-5.200,2.030,0.780,4.080,-1.470,-0.170,0.110,1.100,1.000,0.990,1.740,0.030,1.810,2.240,-1.630,2.530,0.760,-0.940,-0.890,-0.260,-0.120,2.710,1.300,1.700,1.570,1.560,4.450,-7.210,-3.310,-4.370,-2.570,1.870,-3.090,0.970,1.110,0.980,-4.960,-0.410,-1.160,1.730,2.020,1.300,-1.390,-1.230,0.000,2.150,0.390,1.010,-0.100,1.820,0.780,-1.640,-1.710,1.390,-0.960,0.080,1.120,-5.650,-0.250,0.180,-1.480,0.720,-0.870,1.450,0.860,-0.270,0.820,1.670,-2.000,0.910,1.880,0.070,1.470,-1.220,-1.270,-2.570,-0.560,0.450,-0.590,0.980,-3.170,-1.910,2.660,1.190,2.720,3.700,-1.050,-0.400,-5.290,-2.540,-0.270,3.500,0.140,-3.640,0.300,0.570,-0.310,1.890,-1.780,4.050,0.770,0.930,0.710,1.400,2.400,0.850,1.690,0.360
-0.650,0.900,1.520,1.430,0.650,1.110,2.060,3.200,-2.170,1.050,0.190,-0.160,-1.480,-2.520,-0.140,-1.340,-0.270,0.730,-1.070,-1.860,-0.770,0.180,-2.740,1.540,-2.770,0.200,1.780,0.840,0.010,0.070,-0.340,-1.630,0.230,1.380,-2.380,-0.030,-1.200,-0.880,1.730,-1.030,-1.220,0.130,1.270,-1.890,0.680,-0.210,2.220,-2.310,0.000,-0.880,-0.190,-1.710,0.340,1.410,2.400,0.230,2.220,-0.940,-1.030,-0.450,1.000,-1.580,-0.520,-4.440,-4.500,0.290,3.420,0.690,-0.250,0.170,0.900,-4.240,-1.180,-0.790,-2.110,0.810,0.190,-0.460,-1.710,0.990,-0.280,-2.670,1.220,0.650,1.850,0.210,-0.060,-4.310,-0.040,-1.510,0.790,0.390,1.520,1.370,-2.030,-1.170,-1.660,-3.730,1.310,1.300,-0.050,-0.760,-2.790,-1.160,-1.460,-0.680,1.540,3.050,1.020,0.890,-0.910
1.270,0.270,0.140,0.120,0.350,0.380,0.350,1.260,-1.520,-0.040,-0.140,0.740,1.200,1.450,-0.140,-0.290,-0.520,1.440,0.060,2.010,-0.190,0.240,0.070,1.500,2.810,0.460,-0.670,-0.800,0.130,0.840,0.740,1.080,0.330,-1.000,1.180,0.200,-2.210,-0.330,1.590,1.630,0.700,1.500,0.200,-1.900,-0.460,1.220,-1.150,-0.440,0.830,0.000,0.200,-1.260,1.050,2.740,0.290,1.280,1.320,1.270,-0.300,-2.890,1.960,1.200,0.070,0.050,-2.030,-0.870,-1.300,-1.030,0.940,0.650,-0.440,0.380,-1.620,1.380,0.430,1.490,-0.460,-2.090,-0.860,-0.490,1.200,-0.400,0.150,0.770,2.630,1.570,-1.820,-3.230,-0.180,0.250,1.090,0.240,1.410,-0.440,0.670,2.360,-0.730,0.100,-1.600,0.610,0.370,-1.440,0.870,0.610,-0.280,-0.110,0.070,-1.020,-0.120,-0.780,-0.720
-1.540,0.040,-0.290,-0.410,0.650,0.280,2.090,0.660,-2.950,-1.030,-0.280,0.830,-1.390,0.530,1.730,1.120,0.200,-1.170,-0.090,0.020,-0.250,-0.190,0.300,0.470,0.850,0.900,-0.800,1.130,1.550,-0.700,1.620,0.780,-0.220,-0.540,0.590,-0.390,0.840,0.690,1.760,-2.100,-0.480,1.180,-0.230,-1.680,-0.920,1.650,-1.080,-1.920,-0.020,-0.770,0.000,-0.390,1.140,2.590,-0.940,0.960,2.010,1.670,-1.060,-3.440,0.940,1.340,1.740,0.300,-1.980,0.540,1.070,-0.160,2.370,-0.840,-0.780,1.130,-0.950,0.000,-0.220,0.170,-1.340,-1.630,-0.800,0.150,-0.350,-1.770,-1.320,-0.500,1.190,-2.300,-0.540,-3.210,-0.990,-1.880,1.700,0.220,1.180,0.580,-1.130,1.000,0.030,1.340,2.090,0.120,-0.020,0.160,-3.680,-0.050,1.790,0.740,-1.470,0.290,-0.200,-1.830,-1.190
-0.160,-1.490,-1.430,-1.180,0.620,-0.870,0.670,-1.140,0.190,-1.880,-1.860,0.420,-0.930,0.920,0.040,-0.870,-0.880,-0.260,-1.270,-0.450,0.120,-1.080,1.560,-3.070,-2.170,0.620,-1.110,-1.530,1.330,-0.280,-1.590,-0.710,0.290,-1.540,1.060,-0.820,-0.900,-1.080,1.010,-0.380,0.560,-1.410,-0.880,1.410,-0.620,0.200,-0.260,-1.320,1.210,0.180,0.380,0.000,-0.210,1.050,-0.500,-1.510,-1.610,-1.560,-0.970,1.830,0.100,-2.010,-0.930,-0.810,-0.320,-1.940,-0.960,0.380,0.260,-0.390,0.360,-0.780,-1.780,0.590,2.100,1.140,-0.400,-0.350,-0.610,-0.880,-1.390,-0.500,-1.390,-2.630,-0.250,-0.690,-0.420,1.510,1.080,-1.310,-2.140,-0.790,-1.010,-0.520,1.230,-1.170,-0.910,-0.130,1.590,-1.680,0.310,-0.670,0.830,-0.810,-1.280,0.050,-1.730,-2.370,-0.280,-1.690,0.770
1.130,0.490,0.270,-1.370,-0.620,1.950,0.350,1.480,0.020,-0.350,-1.050,0.850,-1.070,0.000,-1.180,0.190,-0.380,-0.720,2.990,-0.320,0.310,0.290,-0.680,1.140,-0.210,-1.600,-2.990,0.560,0.730,0.490,0.050,0.060,-0.420,-1.830,-0.180,-0.660,-2.300,-0.540,0.380,-0.220,-1.250,2.100,0.030,-2.380,0.930,-0.990,0.250,-1.790,-0.420,-1.010,-1.840,-1.000,0.000,0.850,0.060,1.080,1.560,-0.420,0.190,-1.210,-2.720,1.090,-0.330,0.090,-0.910,0.370,-1.560,-0.960,0.050,-1.840,0.740,-0.440,1.420,-0.380,-2.140,-1.300,0.370,-0.070,-1.510,-1.000,-0.160,-2.990,-0.350,-0.010,0.570,4.830,0.090,-3.630,-1.610,-0.830,2.740,-0.410,1.490,1.910,-0.080,-0.400,-3.040,0.060,-2.170,2.450,-1.190,-1.870,-1.730,-0.740,0.940,0.810,2.240,1.690,0.210,1.910,-1.510
-1.410,-2.710,0.330,-0.480,0.760,-2.120,-0.170,-2.090,1.960,-1.330,-1.210,-1.470,-0.560,0.300,-2.330,0.740,-1.780,-0.080,-1.770,-2.010,1.070,-0.510,-2.250,-2.790,-0.390,-1.970,-2.010,-2.480,0.320,0.660,-0.150,-1.300,-1.890,-2.750,1.240,-0.810,-0.440,-4.510,-1.170,-0.880,1.240,-0.720,-2.020,2.080,-0.530,-1.480,1.120,-1.840,-1.530,-3.410,-2.340,-0.820,-1.900,0.000,-1.730,-1.660,0.500,-2.940,-3.660,3.090,0.760,-0.470,-2.540,-3.200,-0.120,0.430,2.910,-1.530,-1.840,1.230,1.970,-0.670,-0.480,-3.210,-0.120,0.660,1.380,-1.240,-0.780,0.540,-0.130,-0.300,-0.370,-2.020,-4.170,2.470,0.660,-0.930,-0.120,-0.900,-1.860,-2.600,-0.450,-1.410,-0.280,-2.410,-1.760,-0.840,-0.660,-4.730,-1.990,0.430,-0.580,-2.290,-3.090,0.540,0.740,0.120,-0.840,-2.030,1.320
1.130,-0.160,-0.330,0.600,1.230,-0.860,-0.280,0.270,0.960,0.350,-0.790,0.380,0.240,0.670,1.340,0.620,-1.280,-0.130,-1.550,-1.530,1.500,-0.420,-0.460,-1.080,-1.210,-0.520,0.380,0.580,0.590,-0.310,-0.320,0.270,0.240,-0.490,0.890,-0.580,0.370,-0.900,1.490,-0.930,0.130,0.820,-0.790,1.350,0.410,1.510,1.020,0.620,-2.260,-0.630,1.040,0.760,-0.250,2.610,0.000,-1.250,0.010,-0.380,-2.010,1.270,0.370,-0.170,1.650,-1.160,-0.510,0.200,0.540,-0.240,-0.460,0.430,0.290,-0.470,-0.730,1.290,0.260,0.430,1.220,-0.430,0.970,1.500,0.170,-0.040,-0.220,-0.910,0.740,1.270,0.430,0.970,0.120,0.480,2.150,0.160,-0.150,-1.820,-1.750,-0.600,0.330,1.010,-0.370,-1.210,0.320,0.800,0.200,0.080,1.320,0.460,-0.290,-0.480,0.580,-2.510,0.410
-2.020,0.740,0.490,1.290,-0.370,1.520,-1.020,1.210,1.060,-0.430,-0.460,1.680,-2.300,-1.190,-0.170,0.460,-0.280,-0.580,-1.780,0.820,-1.770,0.820,-1.050,1.010,-3.190,-2.250,-0.430,-1.540,-1.100,0.440,1.090,1.280,0.810,-0.050,-2.050,-1.170,-0.340,0.570,0.790,-0.050,1.350,1.530,1.450,-0.850,1.160,-0.130,0.610,1.660,-0.370,-1.290,-1.530,0.570,-0.990,0.820,0.910,0.000,0.220,-0.680,-1.870,0.560,-1.150,0.770,-0.300,0.880,-1.000,0.260,-1.630,-0.250,-0.260,-4.320,-0.020,0.020,0.140,-1.510,-1.900,-2.830,0.070,1.310,1.840,-0.540,-0.020,-0.130,-1.140,-0.160,2.060,2.350,0.700,-0.630,-0.750,0.870,1.180,-1.220,-1.920,-1.690,-0.510,-0.930,-2.380,-0.140,-0.430,-1.070,-1.370,-0.900,-1.540,-0.970,-1.490,-0.420,0.950,1.780,1.410,-1.180,-0.860
-0.680,0.690,0.630,0.910,0.620,-2.300,-1.850,-0.280,-0.720,-1.720,-2.180,-0.810,-1.680,-0.420,-1.540,-0.690,-2.080,-0.880,-2.430,-2.580,-0.990,-1.120,-1.900,-1.560,-4.160,-3.640,-1.730,-1.390,-0.430,0.350,-0.350,1.460,1.090,-1.200,-0.060,-0.480,-1.040,-2.400,2.180,-1.620,1.150,0.210,-1.800,-0.960,-0.140,2.160,-1.520,-3.330,-2.830,-2.680,-1.860,1.840,-2.500,1.590,-0.600,-2.240,0.000,1.540,-3.940,0.040,-0.290,2.300,0.640,-0.010,-1.010,0.750,0.950,-0.590,0.820,-2.060,0.520,-0.620,0.850,-2.160,-1.570,-1.250,2.210,-0.820,1.320,1.660,-3.040,-1.520,-1.370,-0.790,0.230,4.730,1.040,-0.700,-1.330,0.890,0.100,0.780,1.400,-1.970,-1.380,-2.730,-0.330,0.500,-0.790,-2.500,-0.300,-0.750,-3.430,-1.720,-1.980,1.060,1.150,3.710,0.060,-1.450,-0.590
-0.400,0.060,-0.050,-0.030,-0.660,-0.400,-0.540,-1.250,0.250,-0.540,-0.530,1.580,-2.810,1.750,-0.190,-0.310,0.410,0.420,-1.130,1.330,-1.930,0.200,1.010,-2.870,-0.320,-1.210,-1.950,-0.700,-1.380,2.050,-1.980,-1.370,-0.360,-0.020,0.360,-0.540,-0.060,0.140,0.810,0.310,2.390,-1.200,0.030,3.220,-0.310,-1.930,0.980,0.740,1.170,-1.290,-1.750,1.400,0.200,2.600,0.960,0.610,-1.970,0.000,2.000,0.730,1.210,-1.200,0.640,2.200,0.070,-1.670,1.730,-0.150,-2.270,1.620,-0.600,-0.890,0.350,1.400,1.320,0.280,0.970,-0.140,0.940,0.010,-0.310,-0.520,0.130,0.580,2.050,-3.200,0.880,1.560,1.300,0.620,-2.540,-0.250,0.130,-0.380,0.900,0.250,0.290,0.780,0.420,0.710,-0.320,-0.720,-0.560,0.410,-0.740,0.560,-0.560,-1.890,0.750,-0.940,0.530
1.170,-0.470,0.780,0.150,1.560,2.670,0.750,2.430,0.360,1.060,0.860,-0.710,0.000,-1.680,-0.530,-0.560,-2.050,-0.440,2.160,0.790,0.800,-0.870,-2.560,1.330,-0.670,0.430,-7.060,0.790,0.480,0.630,0.840,-0.590,-1.820,-1.360,-1.100,-1.130,-3.860,0.110,0.780,-0.230,-0.630,1.770,-1.700,-1.120,0.480,0.480,0.840,-0.110,0.510,0.140,-0.380,-1.170,-0.130,2.240,0.850,1.780,1.040,-2.510,0.000,0.540,-0.970,1.790,-0.690,-1.600,0.240,-1.130,1.080,1.910,2.670,-2.230,0.930,0.550,0.980,-1.720,-1.270,-2.630,0.170,-0.460,-1.070,0.470,0.600,-2.180,1.120,-0.740,-1.830,3.480,1.020,0.730,0.440,-0.610,1.900,0.020,-0.330,-2.660,0.760,-0.160,-2.390,-0.290,-1.470,0.770,-3.210,-0.840,0.340,0.410,-0.640,-1.090,1.000,1.650,-0.870,0.680,-0.020
-0.100,-0.410,0.110,-0.310,2.150,-2.250,2.570,1.420,-0.610,-1.850,-1.830,-0.550,1.740,-0.030,-0.260,0.500,-1.720,-2.350,-0.660,0.770,2.950,-1.060,0.340,-0.230,-0.100,1.270,0.690,-0.770,1.170,0.910,0.610,-0.310,-0.090,-1.520,1.170,-0.680,0.790,-0.480,1.060,-0.580,0.340,0.730,-2.210,0.340,0.160,1.350,1.070,-2.770,-0.130,1.220,3.110,-0.810,0.210,-0.770,-1.360,-1.440,-0.110,-0.180,-2.990,0.000,0.910,-1.050,0.140,-1.430,-1.250,1.210,2.180,0.950,1.930,-0.220,-0.020,-2.620,-1.500,-2.770,-1.030,2.190,-1.650,-0.870,-1.860,-1.380,-0.940,-2.680,-1.500,-1.940,0.860,1.510,-1.660,-0.090,-0.230,-2.000,0.530,-3.650,0.330,-0.080,0.630,-0.550,-1.620,0.930,2.180,-2.070,0.430,-2.110,-2.290,-1.060,-0.960,-0.240,-0.850,0.530,0.360,-2.910,-0.360
-0.160,-0.400,0.370,-0.260,0.130,-1.090,1.360,-0.780,-1.420,-0.720,-0.690,1.520,-2.310,-0.340,-0.670,-0.200,-0.010,-0.430,-1.680,-0.400,-0.120,-0.520,0.850,-1.300,-1.220,-0.270,-1.300,-0.410,-0.020,0.820,0.080,-0.200,-0.540,-0.830,-1.020,-0.500,0.790,-0.860,0.470,-1.590,0.870,0.080,-0.400,4.140,-1.220,0.700,1.430,4.030,-1.170,-2.400,-0.930,-0.140,1.820,-0.520,-0.110,0.490,0.550,-1.200,-0.460,-0.430,0.000,-0.900,-0.020,1.150,0.560,-0.560,0.580,-0.990,-2.450,0.790,-0.980,-1.340,-0.080,-1.230,-1.640,2.650,0.220,-2.120,-0.400,0.440,-0.190,-0.170,0.340,-0.740,0.150,-0.190,0.080,1.870,0.190,0.580,-0.960,-1.380,0.420,-0.410,0.290,-0.200,-0.650,-0.410,0.320,-0.370,1.120,-0.210,0.030,-0.020,-0.390,-0.060,-0.950,-0.260,0.460,-1.740,-0.470
-0.730,0.640,-1.380,1.650,-0.260,-2.160,-2.210,-0.890,0.410,0.150,-1.620,0.580,-1.100,1.360,-1.030,-0.350,-1.240,1.330,-1.820,1.000,-0.620,-0.080,0.330,0.240,0.020,-3.710,-1.010,-1.170,-2.680,-0.320,-0.230,0.760,0.550,-1.310,0.040,1.150,0.310,1.150,-0.300,1.780,1.420,0.060,-0.400,2.410,-0.390,0.690,-0.720,0.110,1.890,-1.180,-1.370,1.930,-1.230,0.010,0.800,-0.790,-2.910,1.210,-2.060,1.820,0.910,0.000,1.270,1.830,0.610,0.340,-1.710,-0.780,1.300,-2.610,0.870,-0.400,0.790,0.690,-2.190,-0.380,0.610,0.190,3.020,1.310,-0.880,2.470,0.930,0.780,0.070,1.550,0.080,0.210,-1.670,0.500,-2.520,-0.790,0.310,-0.420,-0.400,-0.050,-0.430,1.320,-2.690,-0.530,-0.400,1.270,-0.840,-1.720,-1.140,1.130,2.150,1.010,0.810,-1.770,0.550
-1.580,-2.300,-0.180,0.160,2.920,-0.220,-2.900,-0.700,0.270,0.130,-0.380,1.510,-2.350,1.630,-2.340,0.020,0.860,1.670,-0.800,0.070,-2.950,1.680,-1.760,0.060,0.990,-3.150,-1.680,-2.300,-1.510,0.960,-3.460,0.340,0.500,-0.960,0.870,-0.990,0.080,1.210,0.420,3.040,1.220,0.070,-0.940,1.570,-0.720,0.250,-0.120,-0.550,0.670,-0.240,-1.700,0.890,-0.040,2.370,-1.180,0.050,-0.350,-0.660,0.020,0.600,0.060,-1.270,0.000,-0.900,0.190,-0.750,-0.230,-0.240,-3.830,0.070,2.540,0.380,1.960,0.240,-0.470,-1.020,2.270,-0.390,0.050,1.540,0.110,0.780,0.400,0.340,0.150,5.900,1.780,-0.620,1.140,-3.690,-0.980,-2.040,-1.710,-3.180,-2.230,-2.420,0.100,-0.610,0.730,0.950,-2.230,0.670,-1.380,-0.180,-0.100,1.760,1.410,0.270,0.900,-1.500,1.100
-0.790,-1.800,-0.690,-1.100,1.300,0.510,-2.050,-2.220,1.370,0.310,-0.490,1.880,-1.370,1.190,-0.200,0.660,0.750,0.130,1.200,-0.530,0.160,0.210,2.960,-0.530,0.350,-0.860,-1.300,-1.160,-0.860,0.450,-2.340,-0.630,0.390,-1.540,1.810,-0.850,2.010,0.660,-0.520,2.210,0.160,-0.570,-0.790,2.310,1.090,-1.060,-0.400,1.380,4.810,-0.020,-0.450,0.330,-0.180,2.710,1.600,-0.880,-0.690,-2.240,1.360,1.740,-1.500,-1.850,0.820,0.000,1.850,-0.700,0.730,-1.320,0.210,-1.540,2.360,-1.030,-0.760,1.280,0.550,0.580,0.660,-0.480,0.760,1.130,0.390,1.050,0.430,-0.280,-1.090,0.550,0.780,3.830,1.980,-1.090,-0.550,-1.360,-0.270,-1.900,-0.040,-0.730,-1.440,0.940,0.340,-1.610,0.730,0.010,2.840,-0.980,-0.980,2.740,0.450,-1.550,1.700,-0.350,1.260
0.430,0.350,0.540,-2.690,1.320,-0.160,-0.810,0.230,0.010,-0.690,1.080,0.130,0.630,-0.920,1.060,0.390,0.800,-1.500,4.390,0.330,2.480,-0.170,0.110,0.510,2.210,2.570,1.060,0.000,-0.060,1.880,-3.910,-2.350,-0.640,-1.200,0.800,0.200,1.470,-0.050,-2.570,0.770,1.080,-0.370,-0.350,2.610,1.000,-1.580,-2.130,-0.710,4.570,2.050,1.290,-1.000,0.930,-1.220,-0.070,1.000,-1.170,-0.310,-0.260,-0.200,-1.620,-0.800,-0.660,-2.000,0.000,-0.180,0.200,-0.710,-0.570,0.710,1.950,0.830,0.040,0.370,-0.010,3.840,-0.910,0.760,-3.870,-1.250,-1.170,-2.030,0.740,-0.870,-1.270,0.350,0.160,1.730,2.130,-2.040,1.170,-3.960,-1.160,2.250,3.820,0.440,-3.480,-0.490,1.590,1.420,-0.530,0.070,3.660,0.480,-1.750,2.230,-1.190,-3.060,1.210,0.770,-0.130
0.170,-0.910,-1.010,-0.330,0.780,-1.600,0.050,-1.020,-1.390,-1.750,-0.620,1.120,-1.150,1.430,-1.560,0.970,-0.650,0.670,-2.160,-0.900,-2.470,0.150,-0.370,-1.190,-1.200,-1.770,-2.350,-0.150,0.130,0.780,-1.440,1.030,-0.160,-0.140,1.380,-0.720,0.560,-1.390,1.900,-1.530,0.660,0.400,-0.280,1.180,-1.280,-0.240,0.300,-0.190,-0.520,0.130,-0.530,1.940,-1.050,-0.090,0.020,-1.010,-0.760,1.470,-0.650,-0.940,0.560,-0.340,0.770,0.360,-0.720,0.000,0.360,-0.350,-0.150,1.300,1.580,0.180,-0.180,0.600,1.070,-0.300,2.860,-1.260,0.440,0.930,-0.510,1.460,-1.080,-0.950,0.800,0.380,1.240,-1.590,1.190,-0.030,-1.370,0.580,0.170,-1.060,-1.120,-1.600,0.000,1.170,0.110,-1.130,0.750,0.070,-3.100,0.090,0.040,0.920,0.130,0.070,0.400,-1.150,-1.000
1.430,-0.180,2.310,2.090,-1.460,-0.530,-2.180,1.310,-2.310,0.190,-0.060,-2.460,-0.610,0.500,-2.370,-1.020,-0.630,2.380,-1.840,-0.350,-1.740,-0.210,-1.620,0.480,-0.380,-1.470,-1.190,1.810,2.370,0.160,1.510,1.250,0.720,0.520,0.060,1.950,-1.180,-0.810,1.840,-1.380,0.070,0.570,-0.370,-1.850,-0.270,0.270,0.420,-2.000,-3.410,0.800,-1.100,0.880,1.050,-2.580,-0.440,1.120,-1.560,-1.480,-2.060,-2.530,-0.580,1.750,0.400,-0.700,-0.790,-0.390,0.000,1.910,-1.270,0.470,0.560,1.100,2.790,-1.180,-3.060,-2.060,2.010,-2.540,1.130,0.400,-1.260,0.420,0.230,-1.510,1.390,4.150,1.250,-1.930,-0.410,1.750,1.810,1.660,2.210,0.730,-0.020,-2.500,1.580,0.630,-2.740,-1.200,-0.420,-0.920,-2.920,0.240,-0.930,0.070,2.310,4.780,-0.850,1.200,-0.610
1.050,-1.190,-0.440,-0.200,1.550,1.010,-0.600,0.470,-0.900,0.100,-0.140,0.680,0.360,-0.550,0.460,0.330,-1.330,0.340,-0.090,-0.090,0.070,0.630,1.010,-0.070,1.350,-0.400,-2.610,0.810,0.310,-1.130,0.070,0.840,0.790,-0.340,0.560,1.340,-2.300,-0.510,0.970,1.940,0.020,0.540,-0.630,0.430,0.260,0.630,-1.340,-0.900,-0.660,1.080,-0.120,-1.270,0.890,0.800,0.320,0.260,-0.340,0.100,-2.040,-1.620,0.680,0.750,0.080,1.320,0.640,-0.080,-2.230,0.000,3.820,-1.960,4.060,-0.910,-2.130,0.950,1.100,-0.220,0.820,1.110,-0.630,0.380,0.510,0.510,-0.440,0.110,-0.310,-0.730,-0.760,0.050,-1.790,0.280,0.780,1.160,0.920,0.680,-0.400,-0.140,-0.770,-0.430,-0.540,-0.430,-0.250,3.210,1.380,0.360,0.460,0.190,-1.110,-0.270,0.100,-0.220,-0.170
0.530,0.120,-3.210,0.010,0.160,0.310,-3.890,-3.250,-2.380,0.290,0.490,0.950,-2.490,1.130,-0.640,0.720,0.290,0.580,-0.730,-1.450,-3.800,1.630,-0.570,-0.820,2.460,-1.470,-0.700,1.840,-2.740,1.210,-0.130,-0.840,-2.220,0.710,-0.170,-0.620,0.030,0.080,2.650,-0.430,1.060,-0.600,1.380,4.190,-1.970,0.970,1.330,-0.290,0.380,-1.180,-2.250,-0.240,-0.500,1.750,1.440,-0.040,0.000,2.130,-3.340,-1.060,2.710,-1.360,3.790,-0.390,-0.120,0.340,1.600,-3.970,0.000,-0.730,1.190,0.320,-0.880,-0.290,-1.460,-1.050,0.000,0.420,-0.350,0.050,0.790,0.880,-0.500,0.400,-0.640,-1.490,0.850,-0.470,-0.930,0.590,1.020,0.780,-0.930,1.100,-1.070,-0.880,-0.720,0.640,-1.320,0.180,0.220,0.150,-5.010,0.440,0.930,-0.300,-0.780,0.160,1.030,-0.130,-0.610
0.910,-3.690,1.530,0.420,-0.070,1.240,1.550,0.690,-0.640,1.780,2.060,-1.510,0.290,1.380,-0.060,-1.660,0.560,0.530,-0.880,1.970,-0.320,-1.000,0.920,0.040,1.050,1.240,0.610,4.220,1.880,1.870,2.840,0.840,1.680,0.360,0.470,0.130,-0.330,0.250,0.560,0.650,-1.380,1.280,1.600,-3.690,0.850,0.310,-1.530,-0.980,-0.150,-0.650,0.510,-0.030,1.790,-1.260,-0.670,4.130,0.950,-1.300,1.600,-1.220,-1.060,2.780,0.130,1.670,-0.790,-1.580,-0.630,2.000,0.930,0.000,-2.020,2.520,1.110,0.320,-3.040,1.300,-0.210,-3.220,0.460,0.260,1.060,-1.500,0.910,0.410,0.460,2.300,0.730,-3.220,1.460,1.170,0.870,0.490,1.340,1.130,3.310,0.710,0.940,3.170,-0.590,0.360,2.360,-1.490,-3.450,0.070,0.760,0.880,2.790,6.320,-0.690,1.150,-2.450
2.260,-0.330,-2.310,0.220,-0.150,-1.400,-5.820,-4.300,-1.470,0.260,0.870,-2.280,-0.440,-0.170,-0.510,-0.860,-0.630,0.340,-2.700,-2.210,-0.110,-2.050,-1.930,-2.560,-2.340,1.020,-1.080,-1.110,-1.820,0.950,0.030,-1.900,0.060,-0.860,-0.470,-0.040,-2.220,-2.410,0.830,-2.060,-0.070,0.370,0.640,-1.810,-0.360,-1.080,2.220,-2.870,-1.350,-0.590,0.750,-0.360,-1.730,-1.690,0.020,-1.050,0.350,0.150,-2.760,1.140,0.880,-1.180,-2.570,-2.770,-3.140,-1.600,-0.680,-4.570,-1.170,1.410,0.000,-1.540,1.680,-1.770,-0.170,-1.290,1.400,0.180,-0.290,-1.390,0.190,-0.130,-0.390,-0.530,-4.470,1.030,-0.330,-7.950,0.360,0.410,1.000,-0.960,0.760,1.930,-0.710,0.770,-0.640,0.460,0.710,-2.570,0.710,-0.840,-3.990,-0.180,-0.650,-1.690,-0.090,1.940,-0.080,0.550,-1.490
0.290,0.950,0.830,0.130,-1.750,-0.420,-0.300,0.160,-1.310,-0.190,0.270,1.450,-1.540,0.260,-2.750,-0.520,0.830,1.590,0.490,-0.070,-0.550,0.000,0.300,-0.120,-0.890,0.690,0.660,0.360,-0.050,-0.180,-0.290,0.070,-0.290,0.460,-2.250,0.180,0.080,0.250,-0.580,0.990,1.350,-0.300,-1.010,0.660,0.250,-0.050,0.230,2.000,4.340,-0.400,-1.940,-0.370,0.470,-0.470,-0.050,-0.030,-1.760,0.740,-0.580,1.830,0.660,0.290,-0.770,0.970,-0.830,-1.130,-1.730,0.890,-0.840,-2.730,0.310,0.000,1.510,0.060,0.840,-0.400,0.420,0.500,1.380,-0.980,-1.000,1.850,1.520,0.310,-0.520,0.170,0.050,0.110,0.640,0.810,-0.550,0.710,0.010,0.480,-0.050,-1.200,-0.220,-1.330,1.300,-1.940,-0.850,0.630,1.480,-0.320,-0.970,1.500,1.290,-0.390,-0.110,1.450,-0.160
-1.050,-0.580,-0.750,0.210,1.720,-2.430,-2.670,-0.110,-0.050,-3.430,-2.880,0.410,0.440,1.070,-1.430,0.570,-1.650,-2.870,-4.060,-3.590,0.010,-0.750,-1.460,-3.330,-4.010,-1.370,-2.390,0.660,-0.720,0.390,-3.970,1.420,2.570,-2.110,0.440,-2.480,-1.150,-3.020,3.520,-1.770,-0.210,0.550,-4.020,-1.430,0.880,1.550,-0.340,-4.390,-0.790,-1.470,0.630,2.580,-2.870,3.630,-0.710,-3.050,-0.590,-0.020,-5.840,0.880,0.590,-0.170,-0.510,-0.090,-2.800,0.570,-2.380,0.140,2.070,-3.020,0.450,-3.830,0.000,-1.440,-0.330,-1.850,0.720,-0.730,0.610,0.610,-4.780,-1.910,-2.420,-3.130,-0.220,3.060,0.810,-2.020,-0.430,-0.890,0.100,-2.270,1.620,-0.210,-1.050,-1.190,-1.530,1.600,1.070,-3.860,1.190,-1.660,-4.160,-2.900,-2.040,0.820,-1.540,3.740,0.830,-1.760,-0.870
-1.070,-0.580,1.080,-0.860,0.840,-0.270,-1.180,0.050,-1.600,-0.160,2.150,0.020,-1.510,1.180,-0.930,0.840,0.540,0.380,0.480,-0.460,2.280,1.540,-0.070,1.370,1.220,0.740,-0.770,0.690,0.180,2.040,-2.220,0.180,-0.900,0.140,-1.320,-0.470,-0.220,0.060,-1.740,0.070,1.260,-0.230,-0.270,-0.320,-0.750,0.170,1.360,-1.930,0.800,-1.390,-0.520,-1.440,0.370,2.660,-1.620,1.480,1.140,-1.400,1.440,2.520,0.750,-0.660,-0.370,-1.240,-0.440,-1.160,0.980,-0.910,0.060,-0.270,0.940,-0.110,-0.340,0.000,0.420,0.430,0.110,0.230,-1.360,0.750,0.430,0.330,-0.120,0.200,-0.290,-1.580,-0.400,-0.540,2.410,-1.150,0.530,-1.210,-0.120,-1.180,1.640,-0.360,-0.280,-1.230,0.950,2.380,-0.500,1.020,0.160,-0.800,1.270,0.110,-1.420,-0.270,0.700,-0.030,-1.190
1.000,-1.180,0.710,-0.960,0.280,-0.900,2.910,-0.200,-1.430,0.450,-0.590,-0.200,-0.590,-0.570,0.210,-1.750,-1.260,-1.350,-0.030,1.180,1.660,-1.680,0.910,-0.230,0.210,1.440,-1.060,0.730,2.540,0.530,1.220,-1.320,-1.440,-2.080,-0.490,0.730,-0.090,-0.500,-0.850,-1.390,-0.550,-0.520,-0.700,-0.370,-1.210,0.250,2.710,-0.380,2.190,-0.530,0.080,-2.680,1.880,-0.180,-0.110,1.740,1.280,-1.250,0.680,1.220,1.520,2.200,0.480,-0.530,-0.280,-1.320,3.210,-1.110,1.440,3.330,-0.350,-1.010,-0.510,-0.480,0.000,2.820,-1.340,-2.340,-1.620,-1.140,0.990,-1.940,0.050,-0.950,-1.250,-0.690,-2.400,-0.480,0.370,-1.210,-0.150,-2.210,1.010,-0.070,0.600,0.790,-2.320,-0.780,1.310,-0.400,-0.020,-1.810,0.080,0.170,0.030,-0.710,-0.380,-0.630,-0.630,-1.650,-0.460
-1.980,3.240,-0.520,-2.200,1.230,1.460,0.580,1.470,-1.600,1.150,2.300,-0.480,0.930,-1.350,-1.210,-0.190,-0.040,-1.260,2.400,0.710,0.210,0.210,-0.990,1.370,2.390,0.500,-0.070,1.540,1.350,-0.460,-1.950,-1.340,-0.080,-1.150,-0.130,-0.490,0.840,0.760,-0.210,0.310,-2.330,0.810,-0.820,-2.300,1.190,1.260,-0.450,-1.560,-0.620,-1.450,-0.160,-1.650,1.130,-1.240,0.020,2.840,1.440,-0.280,2.310,-2.290,-3.030,0.380,0.990,-0.570,-3.910,0.220,2.380,0.210,0.950,-0.980,0.900,0.320,2.770,-0.380,-2.850,0.000,-1.360,-1.180,-2.000,-0.890,1.410,-4.270,0.270,-0.680,0.920,2.690,0.060,-1.630,-0.450,-1.190,3.530,-3.390,0.920,-0.350,-0.580,-0.820,-0.270,1.200,-0.510,1.690,-0.840,-3.310,-2.680,1.490,1.430,-0.720,1.440,0.980,-0.570,-0.640,-0.920
0.120,-0.530,0.510,-0.170,-0.980,-0.230,-0.380,-0.300,0.560,0.010,0.990,-1.600,2.090,-0.370,0.790,-0.500,0.270,0.060,1.690,-0.050,1.330,0.650,1.210,-0.820,0.810,0.560,-0.030,0.830,-0.550,-0.150,-1.010,-1.150,-0.240,0.430,-0.280,-0.070,1.760,0.430,-2.890,0.110,-0.500,-1.710,-0.110,1.370,0.530,-1.190,0.450,0.990,0.040,0.430,1.620,0.250,-0.570,-1.840,-0.700,-0.140,-2.500,-0.970,-0.580,2.880,-0.240,-0.610,-2.330,-0.680,0.630,-3.070,-1.930,-0.870,-0.060,0.590,-1.880,-0.600,-0.160,-0.110,1.440,1.330,0.000,2.490,1.020,-1.020,1.070,-0.030,0.840,-0.290,-2.520,-0.930,-0.750,2.270,1.230,0.120,-1.160,-1.440,-0.810,1.400,1.320,1.480,-0.650,-0.060,0.540,-0.330,-0.230,-1.020,1.180,-0.560,-1.030,-1.560,-1.190,-1.830,-0.140,0.690,0.670
-0.210,0.430,-1.460,0.580,2.160,-2.150,0.330,0.670,0.380,-1.970,-1.240,0.900,0.860,0.450,-0.060,1.080,-1.960,-0.660,-1.670,-1.250,1.490,-0.370,0.090,-0.900,-0.690,-0.060,-0.490,-1.150,-0.250,0.550,-0.930,1.130,1.550,-0.780,1.680,-0.380,0.080,-1.320,1.950,-1.180,1.180,0.660,-1.760,0.530,-0.050,1.540,0.610,-0.190,0.170,0.980,1.820,1.200,-0.330,3.170,0.350,-1.880,0.680,0.810,-1.700,0.860,2.510,0.640,1.300,0.690,-1.540,1.690,2.470,-0.920,1.020,2.180,0.890,-1.260,-0.040,-0.530,2.160,1.590,-1.090,0.000,0.140,-0.690,-1.270,-1.830,-1.500,-1.260,0.830,-0.680,-0.070,-0.790,-0.190,-0.710,-0.160,-0.460,1.770,0.680,-0.360,-0.650,0.370,1.030,3.810,-1.920,0.970,-0.310,-0.890,-0.640,0.470,0.580,-1.510,0.290,1.050,-2.210,0.210
-0.820,-0.860,-0.450,-1.270,2.140,-0.620,-0.420,0.010,1.650,-1.670,-0.790,0.740,-0.850,1.110,0.580,0.780,0.710,-0.190,-0.280,1.100,-0.410,-0.870,3.080,-1.520,-0.140,0.010,1.010,-0.580,-1.410,0.730,-0.560,-1.100,1.340,-1.040,0.100,-1.120,1.510,1.830,-0.510,1.650,-1.160,-1.940,-0.840,5.020,-0.210,0.740,0.910,1.880,1.670,0.530,0.820,0.450,1.050,0.750,-0.770,-2.090,-1.890,-0.860,0.130,2.430,0.360,-2.810,0.020,-0.790,3.090,-0.530,-1.130,0.440,0.440,-0.450,0.030,-1.720,-1.070,1.090,1.540,1.920,-0.890,0.370,0.000,-0.610,-0.450,0.100,0.460,-0.820,1.050,-2.150,0.860,5.920,0.930,0.160,-1.780,-1.550,-1.650,-1.410,-0.290,-0.230,-1.140,-0.860,2.110,-0.390,2.250,-1.170,1.830,-0.900,-0.410,0.770,0.130,-4.310,1.540,0.370,0.870
-1.040,-1.180,0.670,-0.020,-0.850,-0.390,-0.990,-0.060,-0.660,-0.530,0.360,0.300,-0.340,1.390,0.220,0.360,2.280,0.440,-0.650,-0.940,-0.830,1.760,0.310,-0.990,-1.000,-0.810,-0.420,-1.600,-2.160,0.950,0.020,-0.300,-1.430,0.690,-0.990,-0.890,1.500,0.620,-2.060,0.420,3.520,-0.360,0.070,2.830,0.440,0.360,0.660,0.220,-0.900,0.340,-0.080,0.760,0.690,-0.860,-1.110,0.320,-1.960,-0.020,-1.040,2.180,-0.490,-1.280,-1.540,-1.180,0.820,-1.010,-0.280,-0.490,-0.080,-0.090,1.160,0.630,-0.300,-0.850,1.160,0.840,1.010,1.800,0.680,0.000,0.660,0.730,0.050,0.760,-1.910,-0.510,1.500,2.280,1.150,-0.780,0.860,-1.680,-0.540,-1.960,0.670,0.660,-0.340,-1.570,-0.910,-0.830,-0.480,-2.260,2.060,-0.120,-1.980,1.200,-1.270,-1.810,1.850,0.000,1.110
1.660,0.480,-0.690,-0.130,-0.080,-0.640,-2.820,0.920,2.400,0.470,-0.900,-1.230,2.170,-0.800,0.270,-0.710,-0.600,-0.940,1.630,0.090,-0.820,-1.240,1.240,0.400,-0.620,0.120,2.550,-0.920,1.170,0.350,3.800,0.070,0.210,0.610,-0.260,-0.020,-0.020,0.560,0.130,-0.750,-0.890,-1.460,-0.360,-0.900,0.260,0.450,-1.160,-0.450,0.180,-1.160,-0.300,0.490,0.310,-0.490,-0.870,0.050,1.260,0.410,-0.740,-0.650,-0.430,1.020,-0.160,-0.240,1.150,-0.130,0.890,-0.360,-0.950,-1.190,-1.320,1.010,1.890,-0.380,-1.050,-1.190,-0.940,0.190,0.190,-0.710,0.000,-0.480,0.270,0.090,-0.650,-0.050,-0.460,1.110,-1.350,0.670,-2.530,0.530,0.250,1.480,2.290,0.820,-0.090,0.400,0.210,-1.280,-0.360,0.210,0.170,0.420,-0.760,-0.640,1.220,2.100,-0.460,1.970,0.230
0.930,-1.830,1.500,-0.100,0.330,0.010,1.280,-0.470,-0.290,0.070,-0.300,2.000,0.590,0.420,2.120,0.690,1.320,-0.650,1.730,0.250,2.080,0.200,1.760,0.600,2.280,2.410,1.180,-0.260,0.660,0.510,-0.160,-1.880,-1.070,-0.610,0.180,-1.210,3.140,0.140,-1.500,1.310,0.730,-1.590,-0.840,2.530,1.270,-0.470,0.410,0.300,2.650,0.340,1.620,0.180,2.820,0.420,-0.140,0.070,0.270,0.830,1.440,2.200,0.040,-1.950,-0.400,-0.720,1.720,-1.690,-0.520,-0.300,-0.540,1.480,-0.290,-1.800,-0.350,-0.240,2.030,4.400,0.490,1.620,-0.030,-0.420,0.350,0.000,0.990,-0.380,-3.150,-0.650,-0.440,2.790,1.110,-1.650,-1.580,-3.400,0.400,0.420,1.370,1.720,-1.010,-1.760,1.390,0.200,-0.020,-0.290,4.500,-1.440,-1.000,1.000,-1.400,-1.810,0.730,0.860,1.140
0.140,0.650,0.850,0.470,1.180,-0.180,-0.150,1.490,1.630,-0.170,0.640,0.160,0.580,-0.810,-0.220,-0.360,0.440,-0.930,0.460,0.720,-0.920,0.050,-1.150,0.340,-1.140,0.360,0.940,0.820,0.990,1.150,0.500,-0.010,0.090,0.770,-0.180,-0.450,0.260,0.680,0.420,-0.820,0.000,0.350,-0.270,-1.020,0.400,0.810,0.380,-1.090,-1.210,-0.160,1.080,0.930,0.420,0.260,-0.020,1.050,-0.040,0.150,-1.500,0.760,-0.610,-0.560,-0.180,-0.180,-0.800,0.790,-0.400,0.570,0.660,-0.920,-0.190,-1.490,0.230,0.170,0.040,0.070,-0.490,1.120,-0.480,0.130,-0.340,-1.010,0.000,-0.050,-0.160,0.250,0.360,-0.910,0.600,0.330,0.620,-1.180,0.170,-0.480,0.780,-0.510,-0.970,0.100,-0.570,0.990,-0.120,-1.010,-0.560,-0.150,0.310,0.160,0.030,1.040,0.480,0.710,-0.650
-0.270,0.080,0.610,-0.590,0.130,0.100,0.020,-0.100,1.210,-0.740,-0.600,1.740,-0.790,0.390,0.480,0.580,0.210,0.350,0.530,0.480,-1.290,0.020,0.440,-1.110,0.090,-1.780,0.070,-0.540,-1.160,0.610,0.390,0.530,0.020,0.780,-0.230,-0.190,0.640,-0.210,0.620,-0.470,1.160,-0.240,0.390,2.900,0.360,0.820,1.400,2.960,-0.710,-0.750,0.120,2.030,0.110,1.560,0.590,0.150,-1.110,-0.410,0.410,1.190,0.320,-0.550,-0.330,0.430,0.790,0.440,1.280,0.010,-0.460,-0.440,-0.350,-0.310,0.610,-0.150,0.950,0.860,0.450,0.630,0.670,-0.740,-0.100,0.360,0.030,0.000,0.380,-1.420,0.980,2.870,0.710,0.670,-1.380,-0.670,0.360,-0.020,1.030,-0.760,-1.180,-1.060,-0.060,-0.920,0.460,0.150,1.080,-1.340,-0.540,0.190,-0.100,-1.160,2.390,-0.350,0.830
-0.120,0.560,-2.480,-0.270,3.770,2.670,2.370,-0.880,2.200,-2.700,-1.600,2.700,-1.670,2.160,-0.430,-0.470,0.030,0.390,-3.030,-1.200,-1.190,0.680,0.950,-0.010,-1.950,-1.550,-1.380,-6.670,-0.740,-0.240,1.160,0.150,0.230,-1.110,0.440,-0.280,-0.070,-1.230,0.610,0.840,0.920,-0.590,-1.440,1.500,0.320,-0.550,0.390,1.240,-1.890,-2.840,-1.220,0.140,-0.900,4.210,-0.520,-2.410,-0.470,-1.920,0.790,-0.750,-0.180,0.000,-0.050,0.920,0.650,-0.860,-1.390,0.110,0.760,-0.500,4.440,-0.060,0.290,0.030,1.160,-0.850,2.470,-0.400,-1.040,1.880,0.310,3.160,0.080,-0.610,0.000,0.110,0.910,-0.960,0.530,-0.590,-2.440,1.290,-0.520,-1.290,-1.190,0.590,0.030,-0.730,0.830,1.200,-1.000,3.140,-1.690,-0.720,-1.690,1.510,0.480,-1.500,0.850,-3.090,-0.530
0.050,0.590,-0.640,2.260,-0.740,-2.640,-4.570,-1.950,-2.070,-0.090,-0.580,-1.840,3.590,0.250,-0.040,2.180,-2.500,-0.140,-2.240,-3.710,0.290,1.000,-3.220,-1.120,-4.190,-2.550,1.420,-2.080,-3.990,-1.320,-3.750,-0.210,-0.380,-0.100,-1.600,-1.340,-0.170,-2.880,-2.580,-0.840,-1.660,0.220,-1.480,1.180,1.110,-0.830,-1.120,-4.520,-1.310,-3.140,1.970,0.510,-6.130,-2.130,-1.250,-4.280,-3.970,1.900,-5.850,-0.480,-0.190,-2.360,-5.940,-1.870,-2.460,-0.670,-4.460,-0.770,0.830,-2.980,-1.100,-2.370,-0.850,0.100,-0.200,-3.330,0.070,1.990,1.280,-0.360,-1.620,-0.260,-1.400,-0.450,-0.780,0.000,-0.690,1.030,-0.750,-0.940,0.830,-1.770,-1.240,-0.140,-2.580,-1.070,-0.820,-0.290,-0.900,-4.150,1.120,-2.330,-2.030,-1.840,-0.970,-3.280,0.410,-0.160,1.130,-1.210,-0.440
1.240,-0.060,-0.070,-0.410,-0.900,-0.470,-0.410,-0.760,-1.000,-0.640,-0.280,-0.080,0.820,0.520,-0.150,-0.100,-0.080,0.560,-0.320,-0.340,1.170,0.460,-0.280,-0.580,-0.460,0.710,-0.040,-0.980,-0.050,-0.410,-0.980,0.000,0.220,-0.390,-0.470,-0.870,-0.390,-0.170,-0.370,-0.770,0.630,-0.760,-0.420,-1.560,0.190,-1.420,0.560,-1.690,0.050,1.400,0.630,0.320,-0.520,-0.740,0.000,-1.070,-1.080,-0.880,-1.900,2.580,-0.090,-0.100,-1.720,-0.890,-0.700,-1.290,-1.200,0.460,-0.790,-0.690,0.150,-0.570,-0.410,0.140,2.290,-0.120,0.730,1.030,-0.860,-1.470,0.170,0.560,-0.360,-1.140,-0.900,0.080,0.000,-1.890,1.240,-0.480,-0.300,1.200,-0.630,0.680,0.260,0.400,0.070,-0.200,1.090,-1.710,0.460,0.670,0.980,-0.200,-0.460,-0.850,-0.420,-0.740,0.010,0.420,0.940
-0.030,0.710,0.510,-4.110,1.820,0.380,-1.770,-0.010,0.730,-2.880,1.620,1.480,1.120,0.030,0.370,1.470,2.330,-2.360,2.890,0.100,0.060,-0.220,1.220,-0.630,3.980,3.400,0.060,0.740,-1.070,1.540,-5.040,-1.800,1.760,-0.590,3.470,-2.090,1.680,2.550,-0.540,-0.440,1.600,-0.600,-1.680,3.170,0.490,-0.120,-1.370,-2.880,4.290,2.970,3.180,-1.950,3.320,0.840,-1.060,0.490,-0.250,-1.350,-1.250,-0.500,-2.180,-0.010,0.740,-3.570,-1.890,1.460,1.920,-0.020,0.640,3.250,7.850,-0.290,1.120,0.460,0.510,1.750,-1.960,0.810,-5.940,-2.110,-1.220,-2.800,0.910,-2.880,0.930,-2.050,1.890,0.000,1.450,-1.400,2.150,-4.880,-1.250,0.740,3.140,0.840,-3.690,0.000,4.650,1.480,2.010,-1.050,-0.690,-0.510,1.680,2.730,1.330,-3.090,2.520,2.010,-0.040
-1.110,-0.100,0.750,-0.420,-0.420,1.020,2.010,0.510,-0.520,-0.460,1.070,-0.870,0.500,-0.300,1.090,-0.470,-0.050,-0.730,0.500,-0.110,0.510,-0.160,1.340,-0.250,0.670,2.480,0.230,0.940,1.050,-0.780,0.730,-0.520,0.060,-0.580,-1.230,-0.600,0.200,-0.970,-1.390,-1.150,-1.490,-0.200,-0.110,-2.060,0.490,0.220,-0.200,-3.860,0.150,0.090,1.070,-1.490,1.330,-0.250,0.240,0.620,1.410,-1.280,-0.900,0.630,-0.340,1.660,-1.160,-1.970,-2.340,-1.380,0.500,1.680,0.890,-1.270,-0.870,-0.840,0.480,-2.430,-0.360,0.450,-1.190,0.860,-0.950,-1.160,1.360,-0.880,-0.430,-0.670,-0.560,-0.090,-1.330,-1.390,0.000,-1.220,0.400,-0.120,-0.510,0.990,0.270,1.700,-1.100,-1.320,0.960,-0.040,0.030,-1.710,-1.500,-0.630,-0.430,-1.980,-0.530,-0.080,-0.950,1.290,0.660
0.170,-0.950,-0.210,-0.420,0.220,-0.770,-0.890,0.510,-0.650,-0.320,-0.160,2.260,-0.600,0.750,0.020,1.400,0.540,0.340,0.090,0.630,0.240,0.780,1.470,0.070,2.760,-0.120,0.810,0.240,0.130,-0.120,-0.440,1.340,-0.450,-0.190,0.370,-0.830,2.140,0.360,0.740,0.260,1.630,0.770,-1.040,1.860,-0.200,1.080,1.080,0.730,1.520,-0.330,1.770,0.940,0.710,0.730,-0.600,-0.950,-2.590,-0.440,0.040,1.810,-0.830,-0.270,3.750,1.160,1.680,-0.260,-1.930,-0.220,-0.480,-1.170,-0.980,-0.930,-0.830,1.090,1.230,1.340,0.100,0.600,-0.200,0.880,-0.750,1.720,-0.320,-0.710,0.520,-0.280,0.460,1.410,1.290,0.000,0.470,0.680,-0.300,-0.920,-0.480,-0.840,0.300,0.450,0.530,0.470,0.350,1.340,1.340,-0.290,0.990,1.750,-0.730,-2.550,1.250,-1.760,0.190
-0.940,0.200,-0.050,1.270,-2.740,0.460,-0.680,-1.150,-1.940,0.320,-0.120,1.410,-1.110,0.370,1.360,1.770,-0.230,-0.210,-3.620,-2.620,0.200,1.260,-0.890,-0.120,-0.980,-1.680,-2.070,-0.920,-1.810,-1.070,1.510,1.480,0.680,0.360,-2.230,0.580,-0.100,0.090,0.930,-0.410,1.530,0.490,0.630,-0.390,-0.680,0.740,-1.520,-0.270,-0.890,-1.470,-1.710,2.110,-2.980,2.000,-2.000,-1.700,-0.070,2.270,-2.800,-0.240,0.960,2.320,1.000,0.330,-1.750,1.390,-1.800,-1.010,-0.840,-0.950,-1.160,-0.150,0.250,-0.810,0.050,-3.360,1.140,0.870,1.730,-0.800,1.760,1.530,-0.760,0.900,2.410,-1.470,0.310,-2.190,-0.430,-0.610,0.000,2.580,1.030,-0.610,-1.710,0.710,1.530,-0.250,-0.460,-1.320,-0.980,3.330,-3.010,-1.010,0.010,0.260,-0.380,0.990,-0.230,-1.040,0.220
-0.320,-1.070,-1.030,0.820,1.370,-0.200,0.050,-0.550,1.740,-0.220,-1.680,0.170,-0.040,1.450,-0.960,0.690,-0.550,1.040,0.990,1.660,1.430,-0.690,3.240,0.130,2.110,-1.170,1.410,-3.500,0.330,0.090,-0.410,0.690,0.640,-1.120,0.680,1.000,1.450,1.730,-1.200,3.220,-0.870,-0.810,-1.230,3.670,-0.400,1.660,0.130,5.090,-0.480,-0.240,-0.760,-0.060,0.460,1.970,-0.590,1.200,-3.000,0.280,-0.230,3.220,0.890,0.850,1.940,1.410,3.800,-1.260,-2.170,-1.080,-1.000,-0.530,-0.040,-0.700,-0.610,1.210,2.170,3.440,1.470,-0.280,1.350,1.590,-0.520,3.560,1.210,0.690,-1.690,0.050,-1.550,4.950,0.070,-0.780,-3.190,0.000,1.420,-0.080,-0.700,-1.070,-0.420,0.150,-0.520,0.450,0.170,2.160,2.760,-1.000,-2.020,1.460,1.140,-2.370,-0.480,0.110,1.900
-0.020,-0.260,-0.130,1.690,0.180,1.480,-1.870,-0.560,1.970,0.460,0.380,-0.580,-1.340,-0.180,-0.170,0.630,0.550,-0.450,2.010,-1.100,-0.240,0.430,1.420,-0.630,-0.300,-2.230,-2.780,-0.350,-2.170,1.090,-1.460,0.950,-0.910,0.450,0.190,0.050,0.880,-0.070,-0.570,0.810,0.610,0.690,0.910,3.200,-0.410,-1.180,0.030,2.660,-1.200,-1.210,-1.060,0.930,-1.520,-0.090,1.080,2.160,-1.380,-0.090,0.340,0.540,-0.420,-0.290,1.800,0.350,1.210,-0.090,-2.100,-0.850,0.860,-0.840,-1.240,0.070,-1.240,0.340,-0.850,-0.900,0.850,-0.890,1.970,0.620,0.180,0.310,0.420,0.090,0.740,0.450,0.720,1.750,0.640,0.750,-1.010,-1.180,0.000,-1.700,-1.140,0.190,0.700,1.380,-1.460,-0.370,0.230,0.400,-0.490,-1.530,-0.470,0.810,-0.620,0.270,-0.050,-0.760,-1.420
1.450,-0.110,0.330,0.850,-0.210,0.680,-1.320,0.370,0.300,0.960,-1.480,-1.050,-1.530,-2.600,3.210,-0.760,-1.790,0.140,-0.360,0.170,1.800,-1.070,-0.980,-0.770,-0.230,0.030,-1.940,1.600,1.270,0.270,2.590,0.410,0.670,-0.870,0.000,1.140,-1.930,-0.060,0.330,1.220,0.050,-0.020,0.900,-0.810,0.190,1.140,-0.820,0.160,-1.410,0.450,-1.050,-0.170,-1.890,0.830,2.030,1.670,1.270,0.370,2.330,-0.610,0.020,0.430,3.130,1.900,-2.300,0.740,-1.000,-0.660,-1.330,-1.060,-3.020,-0.530,-2.150,1.190,0.020,0.380,-1.420,-0.980,1.320,1.910,-1.430,-0.300,0.620,0.080,1.180,-1.200,-0.930,-0.780,-1.070,0.970,0.390,0.100,1.800,0.000,1.640,-0.040,-0.580,1.060,1.310,-0.110,0.940,0.220,-0.930,-0.970,1.480,-0.490,1.140,0.960,-1.300,-0.060,0.020
-1.660,0.450,0.650,-0.710,0.330,-0.300,-0.810,2.250,0.080,-2.060,-0.900,0.330,0.520,-0.040,2.280,-0.600,-1.040,-1.730,-1.170,1.410,2.590,-0.740,-0.350,-0.640,-0.590,2.080,0.310,0.460,1.630,0.010,-0.540,0.610,1.090,0.060,-0.360,0.390,0.200,-0.260,0.580,-0.470,-0.440,0.500,-1.430,-2.370,1.950,1.620,-0.540,-3.770,1.830,-0.930,1.180,-1.120,-0.150,0.910,1.800,0.070,0.880,-0.450,-1.790,-1.000,-0.140,0.780,2.500,0.210,-3.890,1.190,0.080,0.380,1.530,-3.280,0.790,-0.390,-0.070,-1.630,-0.430,0.900,-0.740,0.360,0.460,-0.270,-2.550,-1.430,-0.910,-1.210,1.290,2.380,0.040,-2.980,0.030,0.390,1.810,0.350,1.640,-1.500,0.000,-1.130,-1.080,-0.850,0.560,-0.800,-0.310,-0.600,0.440,0.590,1.450,0.190,-0.210,0.690,0.430,-1.400,-0.440
-0.570,0.120,0.480,-0.480,1.150,-0.080,-0.600,1.260,2.110,0.070,-1.600,1.840,-0.910,-1.200,4.830,-0.520,-0.330,-1.500,-0.100,0.000,-0.910,-1.440,0.330,0.570,1.550,-0.930,0.270,0.610,-0.690,0.380,2.760,0.210,-0.160,0.320,-1.100,0.710,-0.730,0.580,0.520,-0.920,-0.670,-0.020,0.970,-1.770,-0.270,1.030,-0.100,-0.360,1.160,-2.330,-1.320,0.760,0.380,2.270,0.500,0.810,1.820,-0.050,-0.330,-0.300,-0.050,0.300,2.510,0.850,-0.590,1.360,2.450,0.220,0.990,-0.710,-1.410,1.030,-1.040,0.360,-0.710,1.030,-1.180,0.360,0.200,-0.520,-0.890,-1.730,0.510,0.710,-0.690,-0.080,-0.420,-0.850,-1.520,0.840,-0.890,0.980,0.300,0.100,1.090,0.000,-0.780,0.340,0.700,1.630,-0.660,0.910,-1.900,-0.690,-1.250,0.360,0.960,1.590,0.280,-1.230,-1.320
0.730,-0.160,-0.740,-0.140,0.520,0.570,-1.320,-0.190,1.250,-0.280,-0.100,-0.210,-1.830,-0.420,-0.070,0.020,1.440,0.620,1.280,3.490,-0.590,-0.610,1.550,-0.810,1.940,-0.370,-0.010,-2.170,1.670,0.340,-0.470,0.380,-0.620,-0.980,-0.760,0.640,0.970,1.530,-0.190,2.110,0.470,-1.460,-0.470,1.960,-0.710,0.840,0.080,3.640,1.640,0.750,-0.740,-0.150,3.020,0.770,-0.790,2.430,-1.570,-0.450,2.320,0.740,-0.030,0.320,-0.440,1.400,3.460,-0.820,-2.220,0.740,0.260,-1.030,-0.620,0.230,-1.160,0.250,2.230,0.200,0.470,-1.230,0.820,0.070,0.180,1.080,1.040,1.250,-0.470,-1.050,-0.550,3.780,0.930,-0.430,-2.260,0.440,-0.620,0.550,0.850,0.760,0.000,-0.390,0.090,0.880,-0.440,0.000,1.500,0.280,0.140,1.260,-0.750,-1.790,0.270,-0.070,0.430
-0.130,-1.000,1.560,0.570,-1.120,-0.190,-1.940,-0.090,-1.700,0.830,-0.370,0.300,-1.920,0.160,0.000,-0.100,-0.310,1.140,-1.710,1.050,0.170,0.920,-2.300,-0.650,1.050,-0.330,-2.330,-0.940,-0.720,1.130,0.210,0.190,0.750,0.370,-1.320,0.310,0.280,-0.630,-0.650,0.480,2.420,0.340,0.570,-0.430,0.520,-1.870,-1.490,-0.560,4.100,-0.180,-1.340,-0.080,-0.310,0.510,-0.550,0.020,-0.470,-0.780,-0.220,-0.480,0.420,-1.310,0.610,-0.970,0.150,-1.270,-0.500,0.330,-0.700,-3.010,-0.840,1.050,-1.690,1.170,0.830,-1.200,0.070,-0.280,0.960,1.590,-0.350,2.250,0.150,1.170,0.820,-0.510,0.200,0.180,1.340,-0.300,0.290,-0.170,-1.290,-1.100,1.420,-0.160,0.150,0.000,2.680,-1.540,-0.720,1.470,-1.710,0.070,0.310,-0.170,0.560,-1.250,0.310,-0.810,-0.580
-2.350,-0.010,-0.350,-1.270,0.320,0.080,0.030,-0.650,-1.270,-0.750,-1.050,0.190,-2.560,-1.060,-1.660,-1.260,-1.860,-2.770,-2.900,-2.730,-1.170,-2.440,-1.230,-0.320,-1.050,0.260,-2.610,-0.890,0.140,0.050,-0.640,-1.220,-1.020,-2.710,-1.710,-0.670,-1.250,-3.830,1.310,-1.690,-2.140,0.620,-1.000,-3.000,-0.350,0.940,1.740,-2.380,-1.960,-0.060,-2.230,-1.620,0.510,0.800,0.570,-0.870,2.110,-0.980,-1.120,-0.950,-0.510,1.870,-1.020,-1.120,-3.150,-0.230,2.310,-0.570,1.050,-0.670,-0.720,-2.690,1.500,-2.300,-2.200,-0.340,-1.000,-2.980,-2.400,0.420,-1.570,-2.070,-0.260,-0.930,-1.120,0.890,-1.340,-5.150,-1.580,-1.210,0.240,-0.800,0.710,-2.450,-0.600,-1.530,-1.580,-2.960,0.000,-2.140,0.030,-2.620,-4.600,-1.350,-1.130,0.680,0.360,0.870,-0.720,-2.280,-1.770
-0.330,1.840,-0.880,-0.010,1.250,0.200,-1.690,0.330,0.440,0.600,0.890,-0.550,-0.170,-0.760,-1.060,0.330,-1.600,0.180,0.710,0.460,-0.780,0.300,-1.630,0.820,-1.550,-0.310,-2.050,-0.240,-0.340,-0.400,1.710,0.140,0.830,-0.180,-0.320,-0.210,-0.910,-0.230,1.350,-1.970,0.320,0.770,0.870,-1.400,0.820,-0.780,2.720,0.310,-1.740,-0.700,-1.080,0.200,-2.370,3.400,0.430,1.030,0.110,-1.010,-0.780,0.490,-0.690,0.310,-1.500,1.470,-1.420,-0.050,0.540,0.350,-0.820,-0.600,1.190,1.930,0.160,-2.550,0.100,-1.880,0.060,0.640,-0.240,0.420,1.290,-0.500,-1.290,0.840,-2.130,1.630,1.060,-1.910,-0.280,-0.840,0.450,-0.550,0.410,-0.020,0.060,-2.020,-0.900,1.230,0.260,0.000,-1.360,-0.800,0.280,-0.400,-1.350,1.320,-0.030,0.500,0.750,0.610,-0.560
0.060,0.320,-0.650,-0.480,-1.200,1.110,0.490,-0.280,-2.000,0.400,-0.560,0.980,-1.120,0.110,1.070,0.360,0.330,-1.270,1.140,0.760,-0.190,-0.160,-0.280,-1.500,-0.080,0.580,-0.680,0.070,1.480,0.350,-0.050,-0.720,-0.970,-0.610,-0.700,-1.070,-0.110,-0.440,-0.560,0.440,1.160,-0.300,-0.130,-1.420,0.190,-0.470,0.760,-2.270,0.150,-0.560,0.160,-0.500,0.780,1.810,0.190,1.140,0.600,0.290,2.320,0.290,-1.190,0.370,2.220,-0.790,0.020,-0.780,0.590,0.080,-0.240,-2.200,-1.040,0.470,-0.960,0.320,0.020,0.760,0.220,-0.190,-2.260,0.470,0.270,0.310,0.290,-0.480,1.080,-1.900,-0.460,-1.930,-0.040,-0.260,1.040,-0.300,-0.190,-1.040,0.780,0.790,0.060,0.710,-0.550,0.830,0.000,-1.160,-2.520,-0.570,1.170,0.010,-0.680,-2.280,-0.210,-1.150,-0.300
0.210,-2.500,-0.350,0.600,1.960,-0.400,-0.110,-0.390,-0.740,0.260,0.750,-2.100,-0.390,-0.880,1.830,1.470,-0.140,1.910,1.590,0.470,4.030,0.060,0.460,1.010,0.790,0.900,-0.350,0.410,0.230,1.100,-0.940,-0.050,0.030,-0.790,-0.290,-0.050,2.780,-0.630,-3.970,0.430,-1.320,-0.430,-0.800,1.770,-0.810,2.120,-2.060,1.140,0.700,1.090,-0.220,0.500,1.520,-0.270,-0.780,0.590,0.220,0.850,-0.060,2.330,0.160,-1.000,-0.410,0.040,-0.520,-0.160,0.920,-3.030,0.100,1.400,0.600,-0.930,1.160,-1.120,1.760,3.250,1.220,0.480,1.190,2.320,-0.490,0.270,0.910,-0.320,-3.120,1.750,-0.580,1.010,1.740,-1.350,-3.350,-2.290,0.000,-0.290,0.660,-0.950,-0.300,-1.200,2.260,0.230,1.270,0.000,2.820,-0.780,-1.470,0.460,-1.140,0.340,0.310,0.020,1.270
1.010,-0.370,1.230,-4.490,1.150,-0.210,1.050,0.370,-2.670,-0.960,1.290,-1.480,1.260,0.160,1.390,0.550,-0.130,-2.580,2.800,-0.480,3.800,-0.770,1.870,0.010,0.920,4.040,0.230,0.200,-0.450,-0.360,-2.190,-1.410,2.140,-1.540,1.430,-0.120,0.620,-0.470,-1.420,0.150,-3.990,-0.010,-1.330,2.190,1.510,2.310,-3.380,-4.030,2.670,-0.930,2.960,-2.390,1.770,-0.500,-1.010,1.530,1.680,0.400,-0.380,0.600,-1.130,0.740,1.040,-2.940,-3.610,2.410,2.440,-1.410,4.670,3.460,2.850,-1.470,1.370,-0.260,-0.430,2.620,-1.410,-0.260,-2.540,-2.460,-0.200,-5.280,0.410,-1.200,1.220,0.100,-1.590,0.370,1.240,-1.710,2.540,-2.880,0.620,0.850,-1.460,1.760,-1.470,1.450,2.810,-0.280,2.140,-3.630,0.000,-1.780,1.360,0.660,1.900,-0.330,-0.490,0.210,-0.980
0.540,0.420,0.750,0.370,0.440,0.470,0.300,-0.930,0.530,0.070,0.050,0.200,-0.530,0.450,-0.010,0.020,0.640,0.720,0.280,0.090,0.140,0.320,-0.690,-0.310,0.650,-0.410,1.070,0.330,-1.410,0.940,0.710,-0.130,0.530,0.210,-1.260,0.620,0.610,0.160,0.430,0.310,-0.600,-0.290,-0.040,-1.930,-0.260,-0.050,-0.370,-0.820,1.140,-0.610,-0.370,0.070,0.750,1.560,-0.430,0.940,0.090,-0.380,-0.600,0.260,-0.490,1.770,0.050,1.030,-0.520,-0.700,-0.610,-0.310,-0.680,-0.070,-0.980,0.290,0.960,0.800,-0.230,-1.380,0.580,0.070,0.690,0.020,-0.400,1.510,0.150,1.380,0.390,0.080,-0.080,0.450,0.590,0.240,0.610,1.000,1.750,0.990,-0.950,0.680,-0.280,-0.100,0.210,0.280,0.460,0.600,1.680,0.000,0.230,0.720,1.180,-0.110,0.200,1.360,0.890
-1.390,-1.420,0.690,0.290,-0.500,1.110,-0.350,0.210,0.040,0.590,0.450,0.390,-3.050,0.880,-0.960,0.490,1.640,1.300,-1.150,0.590,-0.460,0.760,-0.450,0.590,-0.560,-1.090,-1.000,-0.990,0.480,0.020,-0.050,1.390,0.390,-0.780,-0.180,0.270,0.470,-1.130,1.160,0.630,0.200,0.770,-0.070,-0.840,-0.800,-0.200,-0.530,-1.090,1.520,0.210,-2.160,0.820,-0.970,2.720,-1.430,1.380,1.400,0.780,0.230,0.770,0.110,1.190,0.080,0.990,1.500,-0.380,0.870,-0.450,-1.010,-0.690,-0.010,0.800,1.300,-1.270,-0.040,-1.310,1.080,-0.600,0.330,1.970,0.750,1.170,-0.230,0.560,1.630,-0.290,0.350,-1.710,0.430,-0.990,-0.210,1.970,0.670,-1.470,-1.570,1.330,-0.240,-0.280,0.250,1.050,-1.220,1.500,-1.510,-0.260,0.000,3.040,-0.070,-0.330,-0.130,-1.090,1.060
0.780,-0.360,0.790,-0.640,0.410,-0.060,-0.260,-0.270,-1.630,1.000,-0.130,-1.970,-0.140,0.190,0.260,-1.100,0.010,1.300,0.930,0.780,-0.260,0.390,-1.700,-0.660,-0.960,-0.190,0.940,-0.610,0.320,2.700,-1.050,-1.520,-1.200,-0.750,-0.020,0.070,0.910,-0.380,-0.720,0.450,-0.400,-1.510,1.390,-0.680,0.940,-1.990,0.170,-0.780,1.030,0.210,-0.650,-0.310,-0.930,-1.120,0.200,0.470,-1.100,-0.560,0.840,1.070,0.060,-1.130,-1.850,-2.730,-2.320,-0.990,0.170,-0.190,0.210,-0.510,1.480,-1.560,-0.370,-0.020,0.850,0.720,1.580,0.420,-0.700,-1.230,0.920,-0.530,0.270,0.100,-1.500,2.750,0.910,-2.590,2.080,-1.550,-0.230,-1.320,-0.790,0.550,0.420,-0.030,-1.300,0.180,-1.380,-1.440,-0.010,-0.200,-0.710,-0.590,-3.000,0.000,1.220,0.650,0.230,0.620,-0.920
1.440,0.510,0.410,2.440,-0.700,-1.100,-3.640,-0.030,1.440,0.970,0.090,-0.700,2.790,0.500,0.730,-0.780,0.020,0.340,-0.250,-0.030,-1.070,0.410,-1.850,0.040,0.140,-0.070,0.090,0.400,-1.230,1.200,-1.020,0.390,0.590,1.100,-1.150,0.070,0.240,-1.910,-1.830,0.280,1.400,-0.020,-0.530,-0.720,-0.590,-1.030,1.250,-1.530,-1.540,-0.110,1.410,1.360,-2.250,-1.230,0.480,-1.010,-2.420,0.570,-1.320,0.840,0.760,-2.070,-1.470,-0.430,0.980,-0.450,-2.530,1.070,0.680,-2.760,-0.550,-1.400,0.870,1.390,0.380,-1.370,1.210,2.030,-0.220,1.250,-1.200,1.650,0.100,0.160,-0.620,-1.840,0.300,-1.330,0.530,0.810,0.200,-1.150,0.770,-1.140,0.330,-0.910,0.610,-0.560,-1.230,-0.210,0.640,1.200,-2.020,-1.190,0.070,-1.110,0.000,-0.310,0.590,1.310,1.760
-0.740,-0.100,-1.640,1.050,0.390,0.020,-5.470,-1.180,-0.310,-1.240,-2.230,-0.320,-0.610,0.050,1.780,0.150,-1.440,-0.610,-3.140,-1.660,-0.110,-0.560,0.760,-3.090,-2.980,-2.440,-0.540,-3.020,-3.610,-1.060,-2.970,1.050,0.640,-1.360,-2.740,-1.990,-1.330,-1.490,0.630,-0.700,1.700,0.210,-1.340,-0.630,1.260,0.070,-0.810,-4.320,-3.930,-0.990,-0.670,2.110,-3.270,0.330,0.130,-3.830,-3.470,0.960,-4.320,-0.040,-0.090,-1.650,-0.730,0.100,0.570,-0.410,-4.980,-1.090,-0.320,-6.900,-1.850,-1.980,-2.710,-1.280,-0.300,-1.620,1.000,0.330,3.130,0.900,-3.750,0.540,-2.300,-0.690,0.620,0.260,0.130,1.820,-0.740,1.030,-1.440,0.290,-0.840,-2.550,-1.230,-2.680,-0.330,0.430,-0.780,-3.060,1.500,-1.060,-1.900,-1.710,-0.990,-1.180,-1.080,0.000,0.890,-1.630,-1.000
0.430,-0.210,-0.340,-1.230,-0.660,-0.910,0.850,-1.020,-0.570,-1.660,-0.140,-0.020,-0.200,0.200,0.300,-0.020,-0.910,0.100,-1.530,-1.140,0.910,-0.230,-1.430,-0.800,-1.280,0.900,-0.490,-1.060,0.890,0.640,-1.040,-0.610,-0.740,-0.380,0.160,-1.050,0.030,-1.920,-0.090,-1.620,1.030,0.070,-1.020,-1.120,-0.530,0.050,1.520,-1.680,-1.160,-0.510,0.290,0.270,-0.950,0.910,-0.150,-2.050,0.470,-0.860,-0.660,0.410,-0.450,-0.900,-0.900,-1.910,-1.980,-0.360,0.920,-0.560,-0.950,0.580,0.010,-0.960,0.370,-1.140,0.420,0.340,0.050,-0.100,-1.570,-1.860,-0.090,-0.760,-0.660,-2.720,-0.860,-1.600,-0.050,-2.590,0.740,-1.410,0.240,-0.070,-0.050,0.850,-0.160,-0.480,-0.990,-0.400,0.590,-1.860,0.140,-0.310,-0.440,-0.690,-0.170,-0.330,-0.850,-1.260,0.000,-1.560,-1.050
1.050,1.320,-1.260,1.410,2.160,0.410,-2.550,0.980,-1.930,-0.440,-0.570,0.790,1.400,0.100,-0.290,-0.060,-1.670,-0.550,-0.170,0.340,1.840,-0.150,1.650,-0.220,-2.440,-0.030,1.220,-0.710,-0.040,-0.970,0.580,0.750,1.950,-0.090,0.140,0.740,0.450,-1.130,1.030,0.020,1.430,1.550,-0.370,-1.660,0.430,0.600,-0.720,-1.660,-1.010,0.800,1.350,0.810,-1.650,1.470,2.200,1.180,-0.470,1.050,-0.850,1.840,1.250,1.890,1.470,0.480,-0.730,0.560,-1.690,0.350,0.010,-1.260,-1.660,-1.370,-2.420,0.080,1.620,0.820,-0.560,1.410,-0.630,-0.030,-1.970,-0.990,-0.790,0.340,2.900,-0.760,-0.700,-2.190,-1.270,1.710,0.650,-0.090,1.120,0.140,1.070,1.180,0.140,0.860,1.090,-0.640,1.080,-0.290,-0.240,-1.330,1.090,-0.340,-1.280,-0.240,1.080,0.000,-0.170
1.640,0.620,0.760,-1.150,0.450,-0.560,-1.840,-0.700,-0.150,-0.140,-0.750,0.320,-0.040,0.740,-1.560,-1.330,-0.350,0.300,0.810,0.850,1.400,-1.200,2.160,0.590,1.400,1.620,-0.800,0.100,0.970,1.120,-0.060,-1.700,-0.670,-0.600,1.780,1.460,0.200,0.400,-2.430,0.280,-0.200,-2.100,-0.600,0.610,-1.080,0.500,-0.220,-0.320,1.090,0.850,1.040,-1.610,1.480,-2.360,-0.320,0.950,-0.180,-0.630,0.010,0.160,0.070,-0.630,-1.380,-1.300,0.140,0.690,0.550,0.190,0.270,2.950,0.710,0.200,-0.060,1.310,0.450,0.880,-0.820,-0.120,-1.100,-1.330,0.010,-0.930,0.970,-0.660,0.380,-1.050,-1.270,0.130,-0.800,-0.090,-0.550,-1.830,1.420,0.000,0.610,1.600,-0.410,0.460,0.710,0.590,0.090,-1.400,1.070,-0.790,-1.080,0.870,-1.830,-0.320,0.640,0.400,0.000
